  ▲ Next.js 14.2.35
  - Local:        http://localhost:3100

 ✓ Starting...
 ✓ Ready in 3.7s
 ○ Compiling /roadmaps/[id]/[topic] ...
 ✓ Compiled /roadmaps/[id]/[topic] in 5.7s (615 modules)
 ⨯ Internal error: Error: Element type is invalid: expected a string (for built-in components) or a class/function (for composite components) but got: undefined. You likely forgot to export your component from the file it's defined in, or you might have mixed up default and named imports.
    at aw (E:\skillproject\node_modules\next\dist\compiled\next-server\app-page.runtime.dev.js:35:46775)
    at aw (E:\skillproject\node_modules\next\dist\compiled\next-server\app-page.runtime.dev.js:35:46505)
    at a_ (E:\skillproject\node_modules\next\dist\compiled\next-server\app-page.runtime.dev.js:35:49776)
    at aj (E:\skillproject\node_modules\next\dist\compiled\next-server\app-page.runtime.dev.js:35:53793)
    at aC (E:\skillproject\node_modules\next\dist\compiled\next-server\app-page.runtime.dev.js:35:52874)
    at a_ (E:\skillproject\node_modules\next\dist\compiled\next-server\app-page.runtime.dev.js:35:50095)
    at aj (E:\skillproject\node_modules\next\dist\compiled\next-server\app-page.runtime.dev.js:35:53793)
    at E:\skillproject\node_modules\next\dist\compiled\next-server\app-page.runtime.dev.js:35:42336
    at aw (E:\skillproject\node_modules\next\dist\compiled\next-server\app-page.runtime.dev.js:35:42822)
    at a_ (E:\skillproject\node_modules\next\dist\compiled\next-server\app-page.runtime.dev.js:35:49776)
    at aj (E:\skillproject\node_modules\next\dist\compiled\next-server\app-page.runtime.dev.js:35:53793)
    at aC (E:\skillproject\node_modules\next\dist\compiled\next-server\app-page.runtime.dev.js:35:52874)
    at a_ (E:\skillproject\node_modules\next\dist\compiled\next-server\app-page.runtime.dev.js:35:50095)
    at aj (E:\skillproject\node_modules\next\dist\compiled\next-server\app-page.runtime.dev.js:35:53793)
    at E:\skillproject\node_modules\next\dist\compiled\next-server\app-page.runtime.dev.js:35:42336
    at aw (E:\skillproject\node_modules\next\dist\compiled\next-server\app-page.runtime.dev.js:35:42822)
    at a_ (E:\skillproject\node_modules\next\dist\compiled\next-server\app-page.runtime.dev.js:35:49776)
    at a_ (E:\skillproject\node_modules\next\dist\compiled\next-server\app-page.runtime.dev.js:35:50067)
    at E:\skillproject\node_modules\next\dist\compiled\next-server\app-page.runtime.dev.js:35:58612
    at E:\skillproject\node_modules\next\dist\compiled\next-server\app-page.runtime.dev.js:35:59270
    at aN (E:\skillproject\node_modules\next\dist\compiled\next-server\app-page.runtime.dev.js:35:59278)
    at Timeout._onTimeout (E:\skillproject\node_modules\next\dist\compiled\next-server\app-page.runtime.dev.js:35:6939)
    at listOnTimeout (node:internal/timers:605:17)
    at process.processTimers (node:internal/timers:541:7)
digest: "3581677559"
 GET /roadmaps/frontend-dev/fe-t1 200 in 7399ms
 ⨯ Internal error: Error: Element type is invalid: expected a string (for built-in components) or a class/function (for composite components) but got: undefined. You likely forgot to export your component from the file it's defined in, or you might have mixed up default and named imports.
    at aw (E:\skillproject\node_modules\next\dist\compiled\next-server\app-page.runtime.dev.js:35:46775)
    at aw (E:\skillproject\node_modules\next\dist\compiled\next-server\app-page.runtime.dev.js:35:46505)
    at a_ (E:\skillproject\node_modules\next\dist\compiled\next-server\app-page.runtime.dev.js:35:49776)
    at aj (E:\skillproject\node_modules\next\dist\compiled\next-server\app-page.runtime.dev.js:35:53793)
    at aC (E:\skillproject\node_modules\next\dist\compiled\next-server\app-page.runtime.dev.js:35:52874)
    at a_ (E:\skillproject\node_modules\next\dist\compiled\next-server\app-page.runtime.dev.js:35:50095)
    at aj (E:\skillproject\node_modules\next\dist\compiled\next-server\app-page.runtime.dev.js:35:53793)
    at E:\skillproject\node_modules\next\dist\compiled\next-server\app-page.runtime.dev.js:35:42336
    at aw (E:\skillproject\node_modules\next\dist\compiled\next-server\app-page.runtime.dev.js:35:42822)
    at a_ (E:\skillproject\node_modules\next\dist\compiled\next-server\app-page.runtime.dev.js:35:49776)
    at aj (E:\skillproject\node_modules\next\dist\compiled\next-server\app-page.runtime.dev.js:35:53793)
    at aC (E:\skillproject\node_modules\next\dist\compiled\next-server\app-page.runtime.dev.js:35:52874)
    at a_ (E:\skillproject\node_modules\next\dist\compiled\next-server\app-page.runtime.dev.js:35:50095)
    at aj (E:\skillproject\node_modules\next\dist\compiled\next-server\app-page.runtime.dev.js:35:53793)
    at E:\skillproject\node_modules\next\dist\compiled\next-server\app-page.runtime.dev.js:35:42336
    at aw (E:\skillproject\node_modules\next\dist\compiled\next-server\app-page.runtime.dev.js:35:42822)
    at a_ (E:\skillproject\node_modules\next\dist\compiled\next-server\app-page.runtime.dev.js:35:49776)
    at a_ (E:\skillproject\node_modules\next\dist\compiled\next-server\app-page.runtime.dev.js:35:50067)
    at E:\skillproject\node_modules\next\dist\compiled\next-server\app-page.runtime.dev.js:35:58612
    at E:\skillproject\node_modules\next\dist\compiled\next-server\app-page.runtime.dev.js:35:59270
    at aN (E:\skillproject\node_modules\next\dist\compiled\next-server\app-page.runtime.dev.js:35:59278)
    at Timeout._onTimeout (E:\skillproject\node_modules\next\dist\compiled\next-server\app-page.runtime.dev.js:35:6939)
    at listOnTimeout (node:internal/timers:605:17)
    at process.processTimers (node:internal/timers:541:7)
digest: "3581677559"
 GET /roadmaps/frontend-dev/fe-t2 200 in 132ms
 GET /roadmaps/frontend-dev/be-t1 200 in 114ms
 GET /roadmaps/frontend-dev/be-t6 200 in 66ms
 GET /roadmaps/frontend-dev/da-t3 200 in 43ms
 GET /roadmaps/frontend-dev/qa-t4 200 in 59ms
 GET /roadmaps/frontend-dev/qa-t7 200 in 78ms
 ⨯ Internal error: Error: Element type is invalid: expected a string (for built-in components) or a class/function (for composite components) but got: undefined. You likely forgot to export your component from the file it's defined in, or you might have mixed up default and named imports.
    at aw (E:\skillproject\node_modules\next\dist\compiled\next-server\app-page.runtime.dev.js:35:46775)
    at aw (E:\skillproject\node_modules\next\dist\compiled\next-server\app-page.runtime.dev.js:35:46505)
    at a_ (E:\skillproject\node_modules\next\dist\compiled\next-server\app-page.runtime.dev.js:35:49776)
    at aj (E:\skillproject\node_modules\next\dist\compiled\next-server\app-page.runtime.dev.js:35:53793)
    at aC (E:\skillproject\node_modules\next\dist\compiled\next-server\app-page.runtime.dev.js:35:52874)
    at a_ (E:\skillproject\node_modules\next\dist\compiled\next-server\app-page.runtime.dev.js:35:50095)
    at aj (E:\skillproject\node_modules\next\dist\compiled\next-server\app-page.runtime.dev.js:35:53793)
    at E:\skillproject\node_modules\next\dist\compiled\next-server\app-page.runtime.dev.js:35:42336
    at aw (E:\skillproject\node_modules\next\dist\compiled\next-server\app-page.runtime.dev.js:35:42822)
    at a_ (E:\skillproject\node_modules\next\dist\compiled\next-server\app-page.runtime.dev.js:35:49776)
    at aj (E:\skillproject\node_modules\next\dist\compiled\next-server\app-page.runtime.dev.js:35:53793)
    at aC (E:\skillproject\node_modules\next\dist\compiled\next-server\app-page.runtime.dev.js:35:52874)
    at a_ (E:\skillproject\node_modules\next\dist\compiled\next-server\app-page.runtime.dev.js:35:50095)
    at aj (E:\skillproject\node_modules\next\dist\compiled\next-server\app-page.runtime.dev.js:35:53793)
    at E:\skillproject\node_modules\next\dist\compiled\next-server\app-page.runtime.dev.js:35:42336
    at aw (E:\skillproject\node_modules\next\dist\compiled\next-server\app-page.runtime.dev.js:35:42822)
    at a_ (E:\skillproject\node_modules\next\dist\compiled\next-server\app-page.runtime.dev.js:35:49776)
    at a_ (E:\skillproject\node_modules\next\dist\compiled\next-server\app-page.runtime.dev.js:35:50067)
    at E:\skillproject\node_modules\next\dist\compiled\next-server\app-page.runtime.dev.js:35:58612
    at E:\skillproject\node_modules\next\dist\compiled\next-server\app-page.runtime.dev.js:35:59270
    at aN (E:\skillproject\node_modules\next\dist\compiled\next-server\app-page.runtime.dev.js:35:59278)
    at Timeout._onTimeout (E:\skillproject\node_modules\next\dist\compiled\next-server\app-page.runtime.dev.js:35:6939)
    at listOnTimeout (node:internal/timers:605:17)
    at process.processTimers (node:internal/timers:541:7)
digest: "3581677559"
 GET /roadmaps/backend-dev/be-t6 200 in 59ms
 ⨯ Internal error: Error: Element type is invalid: expected a string (for built-in components) or a class/function (for composite components) but got: undefined. You likely forgot to export your component from the file it's defined in, or you might have mixed up default and named imports.
    at aw (E:\skillproject\node_modules\next\dist\compiled\next-server\app-page.runtime.dev.js:35:46775)
    at aw (E:\skillproject\node_modules\next\dist\compiled\next-server\app-page.runtime.dev.js:35:46505)
    at a_ (E:\skillproject\node_modules\next\dist\compiled\next-server\app-page.runtime.dev.js:35:49776)
    at aj (E:\skillproject\node_modules\next\dist\compiled\next-server\app-page.runtime.dev.js:35:53793)
    at aC (E:\skillproject\node_modules\next\dist\compiled\next-server\app-page.runtime.dev.js:35:52874)
    at a_ (E:\skillproject\node_modules\next\dist\compiled\next-server\app-page.runtime.dev.js:35:50095)
    at aj (E:\skillproject\node_modules\next\dist\compiled\next-server\app-page.runtime.dev.js:35:53793)
    at E:\skillproject\node_modules\next\dist\compiled\next-server\app-page.runtime.dev.js:35:42336
    at aw (E:\skillproject\node_modules\next\dist\compiled\next-server\app-page.runtime.dev.js:35:42822)
    at a_ (E:\skillproject\node_modules\next\dist\compiled\next-server\app-page.runtime.dev.js:35:49776)
    at aj (E:\skillproject\node_modules\next\dist\compiled\next-server\app-page.runtime.dev.js:35:53793)
    at aC (E:\skillproject\node_modules\next\dist\compiled\next-server\app-page.runtime.dev.js:35:52874)
    at a_ (E:\skillproject\node_modules\next\dist\compiled\next-server\app-page.runtime.dev.js:35:50095)
    at aj (E:\skillproject\node_modules\next\dist\compiled\next-server\app-page.runtime.dev.js:35:53793)
    at E:\skillproject\node_modules\next\dist\compiled\next-server\app-page.runtime.dev.js:35:42336
    at aw (E:\skillproject\node_modules\next\dist\compiled\next-server\app-page.runtime.dev.js:35:42822)
    at a_ (E:\skillproject\node_modules\next\dist\compiled\next-server\app-page.runtime.dev.js:35:49776)
    at a_ (E:\skillproject\node_modules\next\dist\compiled\next-server\app-page.runtime.dev.js:35:50067)
    at E:\skillproject\node_modules\next\dist\compiled\next-server\app-page.runtime.dev.js:35:58612
    at E:\skillproject\node_modules\next\dist\compiled\next-server\app-page.runtime.dev.js:35:59270
    at aN (E:\skillproject\node_modules\next\dist\compiled\next-server\app-page.runtime.dev.js:35:59278)
    at Timeout._onTimeout (E:\skillproject\node_modules\next\dist\compiled\next-server\app-page.runtime.dev.js:35:6939)
    at listOnTimeout (node:internal/timers:605:17)
    at process.processTimers (node:internal/timers:541:7)
digest: "3581677559"
 GET /roadmaps/data-analyst/da-t3 200 in 49ms
 ⨯ Internal error: Error: Element type is invalid: expected a string (for built-in components) or a class/function (for composite components) but got: undefined. You likely forgot to export your component from the file it's defined in, or you might have mixed up default and named imports.
    at aw (E:\skillproject\node_modules\next\dist\compiled\next-server\app-page.runtime.dev.js:35:46775)
    at aw (E:\skillproject\node_modules\next\dist\compiled\next-server\app-page.runtime.dev.js:35:46505)
    at a_ (E:\skillproject\node_modules\next\dist\compiled\next-server\app-page.runtime.dev.js:35:49776)
    at aj (E:\skillproject\node_modules\next\dist\compiled\next-server\app-page.runtime.dev.js:35:53793)
    at aC (E:\skillproject\node_modules\next\dist\compiled\next-server\app-page.runtime.dev.js:35:52874)
    at a_ (E:\skillproject\node_modules\next\dist\compiled\next-server\app-page.runtime.dev.js:35:50095)
    at aj (E:\skillproject\node_modules\next\dist\compiled\next-server\app-page.runtime.dev.js:35:53793)
    at E:\skillproject\node_modules\next\dist\compiled\next-server\app-page.runtime.dev.js:35:42336
    at aw (E:\skillproject\node_modules\next\dist\compiled\next-server\app-page.runtime.dev.js:35:42822)
    at a_ (E:\skillproject\node_modules\next\dist\compiled\next-server\app-page.runtime.dev.js:35:49776)
    at aj (E:\skillproject\node_modules\next\dist\compiled\next-server\app-page.runtime.dev.js:35:53793)
    at aC (E:\skillproject\node_modules\next\dist\compiled\next-server\app-page.runtime.dev.js:35:52874)
    at a_ (E:\skillproject\node_modules\next\dist\compiled\next-server\app-page.runtime.dev.js:35:50095)
    at aj (E:\skillproject\node_modules\next\dist\compiled\next-server\app-page.runtime.dev.js:35:53793)
    at E:\skillproject\node_modules\next\dist\compiled\next-server\app-page.runtime.dev.js:35:42336
    at aw (E:\skillproject\node_modules\next\dist\compiled\next-server\app-page.runtime.dev.js:35:42822)
    at a_ (E:\skillproject\node_modules\next\dist\compiled\next-server\app-page.runtime.dev.js:35:49776)
    at a_ (E:\skillproject\node_modules\next\dist\compiled\next-server\app-page.runtime.dev.js:35:50067)
    at E:\skillproject\node_modules\next\dist\compiled\next-server\app-page.runtime.dev.js:35:58612
    at E:\skillproject\node_modules\next\dist\compiled\next-server\app-page.runtime.dev.js:35:59270
    at aN (E:\skillproject\node_modules\next\dist\compiled\next-server\app-page.runtime.dev.js:35:59278)
    at Timeout._onTimeout (E:\skillproject\node_modules\next\dist\compiled\next-server\app-page.runtime.dev.js:35:6939)
    at listOnTimeout (node:internal/timers:605:17)
    at process.processTimers (node:internal/timers:541:7)
digest: "3581677559"
 GET /roadmaps/qa-testing/qa-t7 200 in 55ms
 ⨯ Internal error: Error: Element type is invalid: expected a string (for built-in components) or a class/function (for composite components) but got: undefined. You likely forgot to export your component from the file it's defined in, or you might have mixed up default and named imports.
    at aw (E:\skillproject\node_modules\next\dist\compiled\next-server\app-page.runtime.dev.js:35:46775)
    at aw (E:\skillproject\node_modules\next\dist\compiled\next-server\app-page.runtime.dev.js:35:46505)
    at a_ (E:\skillproject\node_modules\next\dist\compiled\next-server\app-page.runtime.dev.js:35:49776)
    at aj (E:\skillproject\node_modules\next\dist\compiled\next-server\app-page.runtime.dev.js:35:53793)
    at aC (E:\skillproject\node_modules\next\dist\compiled\next-server\app-page.runtime.dev.js:35:52874)
    at a_ (E:\skillproject\node_modules\next\dist\compiled\next-server\app-page.runtime.dev.js:35:50095)
    at aj (E:\skillproject\node_modules\next\dist\compiled\next-server\app-page.runtime.dev.js:35:53793)
    at E:\skillproject\node_modules\next\dist\compiled\next-server\app-page.runtime.dev.js:35:42336
    at aw (E:\skillproject\node_modules\next\dist\compiled\next-server\app-page.runtime.dev.js:35:42822)
    at a_ (E:\skillproject\node_modules\next\dist\compiled\next-server\app-page.runtime.dev.js:35:49776)
    at aj (E:\skillproject\node_modules\next\dist\compiled\next-server\app-page.runtime.dev.js:35:53793)
    at aC (E:\skillproject\node_modules\next\dist\compiled\next-server\app-page.runtime.dev.js:35:52874)
    at a_ (E:\skillproject\node_modules\next\dist\compiled\next-server\app-page.runtime.dev.js:35:50095)
    at aj (E:\skillproject\node_modules\next\dist\compiled\next-server\app-page.runtime.dev.js:35:53793)
    at E:\skillproject\node_modules\next\dist\compiled\next-server\app-page.runtime.dev.js:35:42336
    at aw (E:\skillproject\node_modules\next\dist\compiled\next-server\app-page.runtime.dev.js:35:42822)
    at a_ (E:\skillproject\node_modules\next\dist\compiled\next-server\app-page.runtime.dev.js:35:49776)
    at a_ (E:\skillproject\node_modules\next\dist\compiled\next-server\app-page.runtime.dev.js:35:50067)
    at E:\skillproject\node_modules\next\dist\compiled\next-server\app-page.runtime.dev.js:35:58612
    at E:\skillproject\node_modules\next\dist\compiled\next-server\app-page.runtime.dev.js:35:59270
    at aN (E:\skillproject\node_modules\next\dist\compiled\next-server\app-page.runtime.dev.js:35:59278)
    at Timeout._onTimeout (E:\skillproject\node_modules\next\dist\compiled\next-server\app-page.runtime.dev.js:35:6939)
    at listOnTimeout (node:internal/timers:605:17)
    at process.processTimers (node:internal/timers:541:7)
digest: "3581677559"
 GET /roadmaps/frontend-dev/fe-t7 200 in 108ms
 ⨯ Internal error: Error: Element type is invalid: expected a string (for built-in components) or a class/function (for composite components) but got: undefined. You likely forgot to export your component from the file it's defined in, or you might have mixed up default and named imports.
    at aw (E:\skillproject\node_modules\next\dist\compiled\next-server\app-page.runtime.dev.js:35:46775)
    at aw (E:\skillproject\node_modules\next\dist\compiled\next-server\app-page.runtime.dev.js:35:46505)
    at a_ (E:\skillproject\node_modules\next\dist\compiled\next-server\app-page.runtime.dev.js:35:49776)
    at aj (E:\skillproject\node_modules\next\dist\compiled\next-server\app-page.runtime.dev.js:35:53793)
    at aC (E:\skillproject\node_modules\next\dist\compiled\next-server\app-page.runtime.dev.js:35:52874)
    at a_ (E:\skillproject\node_modules\next\dist\compiled\next-server\app-page.runtime.dev.js:35:50095)
    at aj (E:\skillproject\node_modules\next\dist\compiled\next-server\app-page.runtime.dev.js:35:53793)
    at E:\skillproject\node_modules\next\dist\compiled\next-server\app-page.runtime.dev.js:35:42336
    at aw (E:\skillproject\node_modules\next\dist\compiled\next-server\app-page.runtime.dev.js:35:42822)
    at a_ (E:\skillproject\node_modules\next\dist\compiled\next-server\app-page.runtime.dev.js:35:49776)
    at aj (E:\skillproject\node_modules\next\dist\compiled\next-server\app-page.runtime.dev.js:35:53793)
    at aC (E:\skillproject\node_modules\next\dist\compiled\next-server\app-page.runtime.dev.js:35:52874)
    at a_ (E:\skillproject\node_modules\next\dist\compiled\next-server\app-page.runtime.dev.js:35:50095)
    at aj (E:\skillproject\node_modules\next\dist\compiled\next-server\app-page.runtime.dev.js:35:53793)
    at E:\skillproject\node_modules\next\dist\compiled\next-server\app-page.runtime.dev.js:35:42336
    at aw (E:\skillproject\node_modules\next\dist\compiled\next-server\app-page.runtime.dev.js:35:42822)
    at a_ (E:\skillproject\node_modules\next\dist\compiled\next-server\app-page.runtime.dev.js:35:49776)
    at a_ (E:\skillproject\node_modules\next\dist\compiled\next-server\app-page.runtime.dev.js:35:50067)
    at E:\skillproject\node_modules\next\dist\compiled\next-server\app-page.runtime.dev.js:35:58612
    at E:\skillproject\node_modules\next\dist\compiled\next-server\app-page.runtime.dev.js:35:59270
    at aN (E:\skillproject\node_modules\next\dist\compiled\next-server\app-page.runtime.dev.js:35:59278)
    at Timeout._onTimeout (E:\skillproject\node_modules\next\dist\compiled\next-server\app-page.runtime.dev.js:35:6939)
    at listOnTimeout (node:internal/timers:605:17)
    at process.processTimers (node:internal/timers:541:7)
digest: "3581677559"
 GET /roadmaps/frontend-dev/fe-t1 200 in 56ms
 ⨯ Internal error: Error: Element type is invalid: expected a string (for built-in components) or a class/function (for composite components) but got: undefined. You likely forgot to export your component from the file it's defined in, or you might have mixed up default and named imports.
    at aw (E:\skillproject\node_modules\next\dist\compiled\next-server\app-page.runtime.dev.js:35:46775)
    at aw (E:\skillproject\node_modules\next\dist\compiled\next-server\app-page.runtime.dev.js:35:46505)
    at a_ (E:\skillproject\node_modules\next\dist\compiled\next-server\app-page.runtime.dev.js:35:49776)
    at aj (E:\skillproject\node_modules\next\dist\compiled\next-server\app-page.runtime.dev.js:35:53793)
    at aC (E:\skillproject\node_modules\next\dist\compiled\next-server\app-page.runtime.dev.js:35:52874)
    at a_ (E:\skillproject\node_modules\next\dist\compiled\next-server\app-page.runtime.dev.js:35:50095)
    at aj (E:\skillproject\node_modules\next\dist\compiled\next-server\app-page.runtime.dev.js:35:53793)
    at E:\skillproject\node_modules\next\dist\compiled\next-server\app-page.runtime.dev.js:35:42336
    at aw (E:\skillproject\node_modules\next\dist\compiled\next-server\app-page.runtime.dev.js:35:42822)
    at a_ (E:\skillproject\node_modules\next\dist\compiled\next-server\app-page.runtime.dev.js:35:49776)
    at aj (E:\skillproject\node_modules\next\dist\compiled\next-server\app-page.runtime.dev.js:35:53793)
    at aC (E:\skillproject\node_modules\next\dist\compiled\next-server\app-page.runtime.dev.js:35:52874)
    at a_ (E:\skillproject\node_modules\next\dist\compiled\next-server\app-page.runtime.dev.js:35:50095)
    at aj (E:\skillproject\node_modules\next\dist\compiled\next-server\app-page.runtime.dev.js:35:53793)
    at E:\skillproject\node_modules\next\dist\compiled\next-server\app-page.runtime.dev.js:35:42336
    at aw (E:\skillproject\node_modules\next\dist\compiled\next-server\app-page.runtime.dev.js:35:42822)
    at a_ (E:\skillproject\node_modules\next\dist\compiled\next-server\app-page.runtime.dev.js:35:49776)
    at a_ (E:\skillproject\node_modules\next\dist\compiled\next-server\app-page.runtime.dev.js:35:50067)
    at E:\skillproject\node_modules\next\dist\compiled\next-server\app-page.runtime.dev.js:35:58612
    at E:\skillproject\node_modules\next\dist\compiled\next-server\app-page.runtime.dev.js:35:59270
    at aN (E:\skillproject\node_modules\next\dist\compiled\next-server\app-page.runtime.dev.js:35:59278)
    at Timeout._onTimeout (E:\skillproject\node_modules\next\dist\compiled\next-server\app-page.runtime.dev.js:35:6939)
    at listOnTimeout (node:internal/timers:605:17)
    at process.processTimers (node:internal/timers:541:7)
digest: "3581677559"
 GET /roadmaps/frontend-dev/fe-t2 200 in 72ms
 ⨯ Internal error: Error: Element type is invalid: expected a string (for built-in components) or a class/function (for composite components) but got: undefined. You likely forgot to export your component from the file it's defined in, or you might have mixed up default and named imports.
    at aw (E:\skillproject\node_modules\next\dist\compiled\next-server\app-page.runtime.dev.js:35:46775)
    at aw (E:\skillproject\node_modules\next\dist\compiled\next-server\app-page.runtime.dev.js:35:46505)
    at a_ (E:\skillproject\node_modules\next\dist\compiled\next-server\app-page.runtime.dev.js:35:49776)
    at aj (E:\skillproject\node_modules\next\dist\compiled\next-server\app-page.runtime.dev.js:35:53793)
    at aC (E:\skillproject\node_modules\next\dist\compiled\next-server\app-page.runtime.dev.js:35:52874)
    at a_ (E:\skillproject\node_modules\next\dist\compiled\next-server\app-page.runtime.dev.js:35:50095)
    at aj (E:\skillproject\node_modules\next\dist\compiled\next-server\app-page.runtime.dev.js:35:53793)
    at E:\skillproject\node_modules\next\dist\compiled\next-server\app-page.runtime.dev.js:35:42336
    at aw (E:\skillproject\node_modules\next\dist\compiled\next-server\app-page.runtime.dev.js:35:42822)
    at a_ (E:\skillproject\node_modules\next\dist\compiled\next-server\app-page.runtime.dev.js:35:49776)
    at aj (E:\skillproject\node_modules\next\dist\compiled\next-server\app-page.runtime.dev.js:35:53793)
    at aC (E:\skillproject\node_modules\next\dist\compiled\next-server\app-page.runtime.dev.js:35:52874)
    at a_ (E:\skillproject\node_modules\next\dist\compiled\next-server\app-page.runtime.dev.js:35:50095)
    at aj (E:\skillproject\node_modules\next\dist\compiled\next-server\app-page.runtime.dev.js:35:53793)
    at E:\skillproject\node_modules\next\dist\compiled\next-server\app-page.runtime.dev.js:35:42336
    at aw (E:\skillproject\node_modules\next\dist\compiled\next-server\app-page.runtime.dev.js:35:42822)
    at a_ (E:\skillproject\node_modules\next\dist\compiled\next-server\app-page.runtime.dev.js:35:49776)
    at a_ (E:\skillproject\node_modules\next\dist\compiled\next-server\app-page.runtime.dev.js:35:50067)
    at E:\skillproject\node_modules\next\dist\compiled\next-server\app-page.runtime.dev.js:35:58612
    at E:\skillproject\node_modules\next\dist\compiled\next-server\app-page.runtime.dev.js:35:59270
    at aN (E:\skillproject\node_modules\next\dist\compiled\next-server\app-page.runtime.dev.js:35:59278)
    at Timeout._onTimeout (E:\skillproject\node_modules\next\dist\compiled\next-server\app-page.runtime.dev.js:35:6939)
    at listOnTimeout (node:internal/timers:605:17)
    at process.processTimers (node:internal/timers:541:7)
digest: "3581677559"
 GET /roadmaps/frontend-dev/fe-t3 200 in 56ms
 ⨯ Internal error: Error: Element type is invalid: expected a string (for built-in components) or a class/function (for composite components) but got: undefined. You likely forgot to export your component from the file it's defined in, or you might have mixed up default and named imports.
    at aw (E:\skillproject\node_modules\next\dist\compiled\next-server\app-page.runtime.dev.js:35:46775)
    at aw (E:\skillproject\node_modules\next\dist\compiled\next-server\app-page.runtime.dev.js:35:46505)
    at a_ (E:\skillproject\node_modules\next\dist\compiled\next-server\app-page.runtime.dev.js:35:49776)
    at aj (E:\skillproject\node_modules\next\dist\compiled\next-server\app-page.runtime.dev.js:35:53793)
    at aC (E:\skillproject\node_modules\next\dist\compiled\next-server\app-page.runtime.dev.js:35:52874)
    at a_ (E:\skillproject\node_modules\next\dist\compiled\next-server\app-page.runtime.dev.js:35:50095)
    at aj (E:\skillproject\node_modules\next\dist\compiled\next-server\app-page.runtime.dev.js:35:53793)
    at E:\skillproject\node_modules\next\dist\compiled\next-server\app-page.runtime.dev.js:35:42336
    at aw (E:\skillproject\node_modules\next\dist\compiled\next-server\app-page.runtime.dev.js:35:42822)
    at a_ (E:\skillproject\node_modules\next\dist\compiled\next-server\app-page.runtime.dev.js:35:49776)
    at aj (E:\skillproject\node_modules\next\dist\compiled\next-server\app-page.runtime.dev.js:35:53793)
    at aC (E:\skillproject\node_modules\next\dist\compiled\next-server\app-page.runtime.dev.js:35:52874)
    at a_ (E:\skillproject\node_modules\next\dist\compiled\next-server\app-page.runtime.dev.js:35:50095)
    at aj (E:\skillproject\node_modules\next\dist\compiled\next-server\app-page.runtime.dev.js:35:53793)
    at E:\skillproject\node_modules\next\dist\compiled\next-server\app-page.runtime.dev.js:35:42336
    at aw (E:\skillproject\node_modules\next\dist\compiled\next-server\app-page.runtime.dev.js:35:42822)
    at a_ (E:\skillproject\node_modules\next\dist\compiled\next-server\app-page.runtime.dev.js:35:49776)
    at a_ (E:\skillproject\node_modules\next\dist\compiled\next-server\app-page.runtime.dev.js:35:50067)
    at E:\skillproject\node_modules\next\dist\compiled\next-server\app-page.runtime.dev.js:35:58612
    at E:\skillproject\node_modules\next\dist\compiled\next-server\app-page.runtime.dev.js:35:59270
    at aN (E:\skillproject\node_modules\next\dist\compiled\next-server\app-page.runtime.dev.js:35:59278)
    at Timeout._onTimeout (E:\skillproject\node_modules\next\dist\compiled\next-server\app-page.runtime.dev.js:35:6939)
    at listOnTimeout (node:internal/timers:605:17)
    at process.processTimers (node:internal/timers:541:7)
digest: "3581677559"
 GET /roadmaps/frontend-dev/fe-t4 200 in 35ms
 ⨯ Internal error: Error: Element type is invalid: expected a string (for built-in components) or a class/function (for composite components) but got: undefined. You likely forgot to export your component from the file it's defined in, or you might have mixed up default and named imports.
    at aw (E:\skillproject\node_modules\next\dist\compiled\next-server\app-page.runtime.dev.js:35:46775)
    at aw (E:\skillproject\node_modules\next\dist\compiled\next-server\app-page.runtime.dev.js:35:46505)
    at a_ (E:\skillproject\node_modules\next\dist\compiled\next-server\app-page.runtime.dev.js:35:49776)
    at aj (E:\skillproject\node_modules\next\dist\compiled\next-server\app-page.runtime.dev.js:35:53793)
    at aC (E:\skillproject\node_modules\next\dist\compiled\next-server\app-page.runtime.dev.js:35:52874)
    at a_ (E:\skillproject\node_modules\next\dist\compiled\next-server\app-page.runtime.dev.js:35:50095)
    at aj (E:\skillproject\node_modules\next\dist\compiled\next-server\app-page.runtime.dev.js:35:53793)
    at E:\skillproject\node_modules\next\dist\compiled\next-server\app-page.runtime.dev.js:35:42336
    at aw (E:\skillproject\node_modules\next\dist\compiled\next-server\app-page.runtime.dev.js:35:42822)
    at a_ (E:\skillproject\node_modules\next\dist\compiled\next-server\app-page.runtime.dev.js:35:49776)
    at aj (E:\skillproject\node_modules\next\dist\compiled\next-server\app-page.runtime.dev.js:35:53793)
    at aC (E:\skillproject\node_modules\next\dist\compiled\next-server\app-page.runtime.dev.js:35:52874)
    at a_ (E:\skillproject\node_modules\next\dist\compiled\next-server\app-page.runtime.dev.js:35:50095)
    at aj (E:\skillproject\node_modules\next\dist\compiled\next-server\app-page.runtime.dev.js:35:53793)
    at E:\skillproject\node_modules\next\dist\compiled\next-server\app-page.runtime.dev.js:35:42336
    at aw (E:\skillproject\node_modules\next\dist\compiled\next-server\app-page.runtime.dev.js:35:42822)
    at a_ (E:\skillproject\node_modules\next\dist\compiled\next-server\app-page.runtime.dev.js:35:49776)
    at a_ (E:\skillproject\node_modules\next\dist\compiled\next-server\app-page.runtime.dev.js:35:50067)
    at E:\skillproject\node_modules\next\dist\compiled\next-server\app-page.runtime.dev.js:35:58612
    at E:\skillproject\node_modules\next\dist\compiled\next-server\app-page.runtime.dev.js:35:59270
    at aN (E:\skillproject\node_modules\next\dist\compiled\next-server\app-page.runtime.dev.js:35:59278)
    at Timeout._onTimeout (E:\skillproject\node_modules\next\dist\compiled\next-server\app-page.runtime.dev.js:35:6939)
    at listOnTimeout (node:internal/timers:605:17)
    at process.processTimers (node:internal/timers:541:7)
digest: "3581677559"
 GET /roadmaps/frontend-dev/fe-t5 200 in 31ms
 ⨯ Internal error: Error: Element type is invalid: expected a string (for built-in components) or a class/function (for composite components) but got: undefined. You likely forgot to export your component from the file it's defined in, or you might have mixed up default and named imports.
    at aw (E:\skillproject\node_modules\next\dist\compiled\next-server\app-page.runtime.dev.js:35:46775)
    at aw (E:\skillproject\node_modules\next\dist\compiled\next-server\app-page.runtime.dev.js:35:46505)
    at a_ (E:\skillproject\node_modules\next\dist\compiled\next-server\app-page.runtime.dev.js:35:49776)
    at aj (E:\skillproject\node_modules\next\dist\compiled\next-server\app-page.runtime.dev.js:35:53793)
    at aC (E:\skillproject\node_modules\next\dist\compiled\next-server\app-page.runtime.dev.js:35:52874)
    at a_ (E:\skillproject\node_modules\next\dist\compiled\next-server\app-page.runtime.dev.js:35:50095)
    at aj (E:\skillproject\node_modules\next\dist\compiled\next-server\app-page.runtime.dev.js:35:53793)
    at E:\skillproject\node_modules\next\dist\compiled\next-server\app-page.runtime.dev.js:35:42336
    at aw (E:\skillproject\node_modules\next\dist\compiled\next-server\app-page.runtime.dev.js:35:42822)
    at a_ (E:\skillproject\node_modules\next\dist\compiled\next-server\app-page.runtime.dev.js:35:49776)
    at aj (E:\skillproject\node_modules\next\dist\compiled\next-server\app-page.runtime.dev.js:35:53793)
    at aC (E:\skillproject\node_modules\next\dist\compiled\next-server\app-page.runtime.dev.js:35:52874)
    at a_ (E:\skillproject\node_modules\next\dist\compiled\next-server\app-page.runtime.dev.js:35:50095)
    at aj (E:\skillproject\node_modules\next\dist\compiled\next-server\app-page.runtime.dev.js:35:53793)
    at E:\skillproject\node_modules\next\dist\compiled\next-server\app-page.runtime.dev.js:35:42336
    at aw (E:\skillproject\node_modules\next\dist\compiled\next-server\app-page.runtime.dev.js:35:42822)
    at a_ (E:\skillproject\node_modules\next\dist\compiled\next-server\app-page.runtime.dev.js:35:49776)
    at a_ (E:\skillproject\node_modules\next\dist\compiled\next-server\app-page.runtime.dev.js:35:50067)
    at E:\skillproject\node_modules\next\dist\compiled\next-server\app-page.runtime.dev.js:35:58612
    at E:\skillproject\node_modules\next\dist\compiled\next-server\app-page.runtime.dev.js:35:59270
    at aN (E:\skillproject\node_modules\next\dist\compiled\next-server\app-page.runtime.dev.js:35:59278)
    at Timeout._onTimeout (E:\skillproject\node_modules\next\dist\compiled\next-server\app-page.runtime.dev.js:35:6939)
    at listOnTimeout (node:internal/timers:605:17)
    at process.processTimers (node:internal/timers:541:7)
digest: "3581677559"
 GET /roadmaps/frontend-dev/fe-t1 200 in 64ms
 ⨯ Internal error: Error: Element type is invalid: expected a string (for built-in components) or a class/function (for composite components) but got: undefined. You likely forgot to export your component from the file it's defined in, or you might have mixed up default and named imports.
    at aw (E:\skillproject\node_modules\next\dist\compiled\next-server\app-page.runtime.dev.js:35:46775)
    at aw (E:\skillproject\node_modules\next\dist\compiled\next-server\app-page.runtime.dev.js:35:46505)
    at a_ (E:\skillproject\node_modules\next\dist\compiled\next-server\app-page.runtime.dev.js:35:49776)
    at aj (E:\skillproject\node_modules\next\dist\compiled\next-server\app-page.runtime.dev.js:35:53793)
    at aC (E:\skillproject\node_modules\next\dist\compiled\next-server\app-page.runtime.dev.js:35:52874)
    at a_ (E:\skillproject\node_modules\next\dist\compiled\next-server\app-page.runtime.dev.js:35:50095)
    at aj (E:\skillproject\node_modules\next\dist\compiled\next-server\app-page.runtime.dev.js:35:53793)
    at E:\skillproject\node_modules\next\dist\compiled\next-server\app-page.runtime.dev.js:35:42336
    at aw (E:\skillproject\node_modules\next\dist\compiled\next-server\app-page.runtime.dev.js:35:42822)
    at a_ (E:\skillproject\node_modules\next\dist\compiled\next-server\app-page.runtime.dev.js:35:49776)
    at aj (E:\skillproject\node_modules\next\dist\compiled\next-server\app-page.runtime.dev.js:35:53793)
    at aC (E:\skillproject\node_modules\next\dist\compiled\next-server\app-page.runtime.dev.js:35:52874)
    at a_ (E:\skillproject\node_modules\next\dist\compiled\next-server\app-page.runtime.dev.js:35:50095)
    at aj (E:\skillproject\node_modules\next\dist\compiled\next-server\app-page.runtime.dev.js:35:53793)
    at E:\skillproject\node_modules\next\dist\compiled\next-server\app-page.runtime.dev.js:35:42336
    at aw (E:\skillproject\node_modules\next\dist\compiled\next-server\app-page.runtime.dev.js:35:42822)
    at a_ (E:\skillproject\node_modules\next\dist\compiled\next-server\app-page.runtime.dev.js:35:49776)
    at a_ (E:\skillproject\node_modules\next\dist\compiled\next-server\app-page.runtime.dev.js:35:50067)
    at E:\skillproject\node_modules\next\dist\compiled\next-server\app-page.runtime.dev.js:35:58612
    at E:\skillproject\node_modules\next\dist\compiled\next-server\app-page.runtime.dev.js:35:59270
    at aN (E:\skillproject\node_modules\next\dist\compiled\next-server\app-page.runtime.dev.js:35:59278)
    at Timeout._onTimeout (E:\skillproject\node_modules\next\dist\compiled\next-server\app-page.runtime.dev.js:35:6939)
    at listOnTimeout (node:internal/timers:605:17)
    at process.processTimers (node:internal/timers:541:7)
digest: "3581677559"
 GET /roadmaps/frontend-dev/fe-t2 200 in 35ms
 ⨯ Internal error: Error: Element type is invalid: expected a string (for built-in components) or a class/function (for composite components) but got: undefined. You likely forgot to export your component from the file it's defined in, or you might have mixed up default and named imports.
    at aw (E:\skillproject\node_modules\next\dist\compiled\next-server\app-page.runtime.dev.js:35:46775)
    at aw (E:\skillproject\node_modules\next\dist\compiled\next-server\app-page.runtime.dev.js:35:46505)
    at a_ (E:\skillproject\node_modules\next\dist\compiled\next-server\app-page.runtime.dev.js:35:49776)
    at aj (E:\skillproject\node_modules\next\dist\compiled\next-server\app-page.runtime.dev.js:35:53793)
    at aC (E:\skillproject\node_modules\next\dist\compiled\next-server\app-page.runtime.dev.js:35:52874)
    at a_ (E:\skillproject\node_modules\next\dist\compiled\next-server\app-page.runtime.dev.js:35:50095)
    at aj (E:\skillproject\node_modules\next\dist\compiled\next-server\app-page.runtime.dev.js:35:53793)
    at E:\skillproject\node_modules\next\dist\compiled\next-server\app-page.runtime.dev.js:35:42336
    at aw (E:\skillproject\node_modules\next\dist\compiled\next-server\app-page.runtime.dev.js:35:42822)
    at a_ (E:\skillproject\node_modules\next\dist\compiled\next-server\app-page.runtime.dev.js:35:49776)
    at aj (E:\skillproject\node_modules\next\dist\compiled\next-server\app-page.runtime.dev.js:35:53793)
    at aC (E:\skillproject\node_modules\next\dist\compiled\next-server\app-page.runtime.dev.js:35:52874)
    at a_ (E:\skillproject\node_modules\next\dist\compiled\next-server\app-page.runtime.dev.js:35:50095)
    at aj (E:\skillproject\node_modules\next\dist\compiled\next-server\app-page.runtime.dev.js:35:53793)
    at E:\skillproject\node_modules\next\dist\compiled\next-server\app-page.runtime.dev.js:35:42336
    at aw (E:\skillproject\node_modules\next\dist\compiled\next-server\app-page.runtime.dev.js:35:42822)
    at a_ (E:\skillproject\node_modules\next\dist\compiled\next-server\app-page.runtime.dev.js:35:49776)
    at a_ (E:\skillproject\node_modules\next\dist\compiled\next-server\app-page.runtime.dev.js:35:50067)
    at E:\skillproject\node_modules\next\dist\compiled\next-server\app-page.runtime.dev.js:35:58612
    at E:\skillproject\node_modules\next\dist\compiled\next-server\app-page.runtime.dev.js:35:59270
    at aN (E:\skillproject\node_modules\next\dist\compiled\next-server\app-page.runtime.dev.js:35:59278)
    at Timeout._onTimeout (E:\skillproject\node_modules\next\dist\compiled\next-server\app-page.runtime.dev.js:35:6939)
    at listOnTimeout (node:internal/timers:605:17)
    at process.processTimers (node:internal/timers:541:7)
digest: "3581677559"
 GET /roadmaps/frontend-dev/fe-t3 200 in 43ms
 ⨯ Internal error: Error: Element type is invalid: expected a string (for built-in components) or a class/function (for composite components) but got: undefined. You likely forgot to export your component from the file it's defined in, or you might have mixed up default and named imports.
    at aw (E:\skillproject\node_modules\next\dist\compiled\next-server\app-page.runtime.dev.js:35:46775)
    at aw (E:\skillproject\node_modules\next\dist\compiled\next-server\app-page.runtime.dev.js:35:46505)
    at a_ (E:\skillproject\node_modules\next\dist\compiled\next-server\app-page.runtime.dev.js:35:49776)
    at aj (E:\skillproject\node_modules\next\dist\compiled\next-server\app-page.runtime.dev.js:35:53793)
    at aC (E:\skillproject\node_modules\next\dist\compiled\next-server\app-page.runtime.dev.js:35:52874)
    at a_ (E:\skillproject\node_modules\next\dist\compiled\next-server\app-page.runtime.dev.js:35:50095)
    at aj (E:\skillproject\node_modules\next\dist\compiled\next-server\app-page.runtime.dev.js:35:53793)
    at E:\skillproject\node_modules\next\dist\compiled\next-server\app-page.runtime.dev.js:35:42336
    at aw (E:\skillproject\node_modules\next\dist\compiled\next-server\app-page.runtime.dev.js:35:42822)
    at a_ (E:\skillproject\node_modules\next\dist\compiled\next-server\app-page.runtime.dev.js:35:49776)
    at aj (E:\skillproject\node_modules\next\dist\compiled\next-server\app-page.runtime.dev.js:35:53793)
    at aC (E:\skillproject\node_modules\next\dist\compiled\next-server\app-page.runtime.dev.js:35:52874)
    at a_ (E:\skillproject\node_modules\next\dist\compiled\next-server\app-page.runtime.dev.js:35:50095)
    at aj (E:\skillproject\node_modules\next\dist\compiled\next-server\app-page.runtime.dev.js:35:53793)
    at E:\skillproject\node_modules\next\dist\compiled\next-server\app-page.runtime.dev.js:35:42336
    at aw (E:\skillproject\node_modules\next\dist\compiled\next-server\app-page.runtime.dev.js:35:42822)
    at a_ (E:\skillproject\node_modules\next\dist\compiled\next-server\app-page.runtime.dev.js:35:49776)
    at a_ (E:\skillproject\node_modules\next\dist\compiled\next-server\app-page.runtime.dev.js:35:50067)
    at E:\skillproject\node_modules\next\dist\compiled\next-server\app-page.runtime.dev.js:35:58612
    at E:\skillproject\node_modules\next\dist\compiled\next-server\app-page.runtime.dev.js:35:59270
    at aN (E:\skillproject\node_modules\next\dist\compiled\next-server\app-page.runtime.dev.js:35:59278)
    at Timeout._onTimeout (E:\skillproject\node_modules\next\dist\compiled\next-server\app-page.runtime.dev.js:35:6939)
    at listOnTimeout (node:internal/timers:605:17)
    at process.processTimers (node:internal/timers:541:7)
digest: "3581677559"
 GET /roadmaps/frontend-dev/fe-t4 200 in 47ms
 ⨯ Internal error: Error: Element type is invalid: expected a string (for built-in components) or a class/function (for composite components) but got: undefined. You likely forgot to export your component from the file it's defined in, or you might have mixed up default and named imports.
    at aw (E:\skillproject\node_modules\next\dist\compiled\next-server\app-page.runtime.dev.js:35:46775)
    at aw (E:\skillproject\node_modules\next\dist\compiled\next-server\app-page.runtime.dev.js:35:46505)
    at a_ (E:\skillproject\node_modules\next\dist\compiled\next-server\app-page.runtime.dev.js:35:49776)
    at aj (E:\skillproject\node_modules\next\dist\compiled\next-server\app-page.runtime.dev.js:35:53793)
    at aC (E:\skillproject\node_modules\next\dist\compiled\next-server\app-page.runtime.dev.js:35:52874)
    at a_ (E:\skillproject\node_modules\next\dist\compiled\next-server\app-page.runtime.dev.js:35:50095)
    at aj (E:\skillproject\node_modules\next\dist\compiled\next-server\app-page.runtime.dev.js:35:53793)
    at E:\skillproject\node_modules\next\dist\compiled\next-server\app-page.runtime.dev.js:35:42336
    at aw (E:\skillproject\node_modules\next\dist\compiled\next-server\app-page.runtime.dev.js:35:42822)
    at a_ (E:\skillproject\node_modules\next\dist\compiled\next-server\app-page.runtime.dev.js:35:49776)
    at aj (E:\skillproject\node_modules\next\dist\compiled\next-server\app-page.runtime.dev.js:35:53793)
    at aC (E:\skillproject\node_modules\next\dist\compiled\next-server\app-page.runtime.dev.js:35:52874)
    at a_ (E:\skillproject\node_modules\next\dist\compiled\next-server\app-page.runtime.dev.js:35:50095)
    at aj (E:\skillproject\node_modules\next\dist\compiled\next-server\app-page.runtime.dev.js:35:53793)
    at E:\skillproject\node_modules\next\dist\compiled\next-server\app-page.runtime.dev.js:35:42336
    at aw (E:\skillproject\node_modules\next\dist\compiled\next-server\app-page.runtime.dev.js:35:42822)
    at a_ (E:\skillproject\node_modules\next\dist\compiled\next-server\app-page.runtime.dev.js:35:49776)
    at a_ (E:\skillproject\node_modules\next\dist\compiled\next-server\app-page.runtime.dev.js:35:50067)
    at E:\skillproject\node_modules\next\dist\compiled\next-server\app-page.runtime.dev.js:35:58612
    at E:\skillproject\node_modules\next\dist\compiled\next-server\app-page.runtime.dev.js:35:59270
    at aN (E:\skillproject\node_modules\next\dist\compiled\next-server\app-page.runtime.dev.js:35:59278)
    at Timeout._onTimeout (E:\skillproject\node_modules\next\dist\compiled\next-server\app-page.runtime.dev.js:35:6939)
    at listOnTimeout (node:internal/timers:605:17)
    at process.processTimers (node:internal/timers:541:7)
digest: "3581677559"
 GET /roadmaps/frontend-dev/fe-t1 200 in 69ms
 ⨯ Internal error: Error: Element type is invalid: expected a string (for built-in components) or a class/function (for composite components) but got: undefined. You likely forgot to export your component from the file it's defined in, or you might have mixed up default and named imports.
    at aw (E:\skillproject\node_modules\next\dist\compiled\next-server\app-page.runtime.dev.js:35:46775)
    at aw (E:\skillproject\node_modules\next\dist\compiled\next-server\app-page.runtime.dev.js:35:46505)
    at a_ (E:\skillproject\node_modules\next\dist\compiled\next-server\app-page.runtime.dev.js:35:49776)
    at aj (E:\skillproject\node_modules\next\dist\compiled\next-server\app-page.runtime.dev.js:35:53793)
    at aC (E:\skillproject\node_modules\next\dist\compiled\next-server\app-page.runtime.dev.js:35:52874)
    at a_ (E:\skillproject\node_modules\next\dist\compiled\next-server\app-page.runtime.dev.js:35:50095)
    at aj (E:\skillproject\node_modules\next\dist\compiled\next-server\app-page.runtime.dev.js:35:53793)
    at E:\skillproject\node_modules\next\dist\compiled\next-server\app-page.runtime.dev.js:35:42336
    at aw (E:\skillproject\node_modules\next\dist\compiled\next-server\app-page.runtime.dev.js:35:42822)
    at a_ (E:\skillproject\node_modules\next\dist\compiled\next-server\app-page.runtime.dev.js:35:49776)
    at aj (E:\skillproject\node_modules\next\dist\compiled\next-server\app-page.runtime.dev.js:35:53793)
    at aC (E:\skillproject\node_modules\next\dist\compiled\next-server\app-page.runtime.dev.js:35:52874)
    at a_ (E:\skillproject\node_modules\next\dist\compiled\next-server\app-page.runtime.dev.js:35:50095)
    at aj (E:\skillproject\node_modules\next\dist\compiled\next-server\app-page.runtime.dev.js:35:53793)
    at E:\skillproject\node_modules\next\dist\compiled\next-server\app-page.runtime.dev.js:35:42336
    at aw (E:\skillproject\node_modules\next\dist\compiled\next-server\app-page.runtime.dev.js:35:42822)
    at a_ (E:\skillproject\node_modules\next\dist\compiled\next-server\app-page.runtime.dev.js:35:49776)
    at a_ (E:\skillproject\node_modules\next\dist\compiled\next-server\app-page.runtime.dev.js:35:50067)
    at E:\skillproject\node_modules\next\dist\compiled\next-server\app-page.runtime.dev.js:35:58612
    at E:\skillproject\node_modules\next\dist\compiled\next-server\app-page.runtime.dev.js:35:59270
    at aN (E:\skillproject\node_modules\next\dist\compiled\next-server\app-page.runtime.dev.js:35:59278)
    at Timeout._onTimeout (E:\skillproject\node_modules\next\dist\compiled\next-server\app-page.runtime.dev.js:35:6939)
    at listOnTimeout (node:internal/timers:605:17)
    at process.processTimers (node:internal/timers:541:7)
digest: "3581677559"
 GET /roadmaps/frontend-dev/fe-t2 200 in 43ms
 ⨯ Internal error: Error: Element type is invalid: expected a string (for built-in components) or a class/function (for composite components) but got: undefined. You likely forgot to export your component from the file it's defined in, or you might have mixed up default and named imports.
    at aw (E:\skillproject\node_modules\next\dist\compiled\next-server\app-page.runtime.dev.js:35:46775)
    at aw (E:\skillproject\node_modules\next\dist\compiled\next-server\app-page.runtime.dev.js:35:46505)
    at a_ (E:\skillproject\node_modules\next\dist\compiled\next-server\app-page.runtime.dev.js:35:49776)
    at aj (E:\skillproject\node_modules\next\dist\compiled\next-server\app-page.runtime.dev.js:35:53793)
    at aC (E:\skillproject\node_modules\next\dist\compiled\next-server\app-page.runtime.dev.js:35:52874)
    at a_ (E:\skillproject\node_modules\next\dist\compiled\next-server\app-page.runtime.dev.js:35:50095)
    at aj (E:\skillproject\node_modules\next\dist\compiled\next-server\app-page.runtime.dev.js:35:53793)
    at E:\skillproject\node_modules\next\dist\compiled\next-server\app-page.runtime.dev.js:35:42336
    at aw (E:\skillproject\node_modules\next\dist\compiled\next-server\app-page.runtime.dev.js:35:42822)
    at a_ (E:\skillproject\node_modules\next\dist\compiled\next-server\app-page.runtime.dev.js:35:49776)
    at aj (E:\skillproject\node_modules\next\dist\compiled\next-server\app-page.runtime.dev.js:35:53793)
    at aC (E:\skillproject\node_modules\next\dist\compiled\next-server\app-page.runtime.dev.js:35:52874)
    at a_ (E:\skillproject\node_modules\next\dist\compiled\next-server\app-page.runtime.dev.js:35:50095)
    at aj (E:\skillproject\node_modules\next\dist\compiled\next-server\app-page.runtime.dev.js:35:53793)
    at E:\skillproject\node_modules\next\dist\compiled\next-server\app-page.runtime.dev.js:35:42336
    at aw (E:\skillproject\node_modules\next\dist\compiled\next-server\app-page.runtime.dev.js:35:42822)
    at a_ (E:\skillproject\node_modules\next\dist\compiled\next-server\app-page.runtime.dev.js:35:49776)
    at a_ (E:\skillproject\node_modules\next\dist\compiled\next-server\app-page.runtime.dev.js:35:50067)
    at E:\skillproject\node_modules\next\dist\compiled\next-server\app-page.runtime.dev.js:35:58612
    at E:\skillproject\node_modules\next\dist\compiled\next-server\app-page.runtime.dev.js:35:59270
    at aN (E:\skillproject\node_modules\next\dist\compiled\next-server\app-page.runtime.dev.js:35:59278)
    at Timeout._onTimeout (E:\skillproject\node_modules\next\dist\compiled\next-server\app-page.runtime.dev.js:35:6939)
    at listOnTimeout (node:internal/timers:605:17)
    at process.processTimers (node:internal/timers:541:7)
digest: "3581677559"
 GET /roadmaps/frontend-dev/fe-t3 200 in 60ms
 ⨯ Internal error: Error: Element type is invalid: expected a string (for built-in components) or a class/function (for composite components) but got: undefined. You likely forgot to export your component from the file it's defined in, or you might have mixed up default and named imports.
    at aw (E:\skillproject\node_modules\next\dist\compiled\next-server\app-page.runtime.dev.js:35:46775)
    at aw (E:\skillproject\node_modules\next\dist\compiled\next-server\app-page.runtime.dev.js:35:46505)
    at a_ (E:\skillproject\node_modules\next\dist\compiled\next-server\app-page.runtime.dev.js:35:49776)
    at aj (E:\skillproject\node_modules\next\dist\compiled\next-server\app-page.runtime.dev.js:35:53793)
    at aC (E:\skillproject\node_modules\next\dist\compiled\next-server\app-page.runtime.dev.js:35:52874)
    at a_ (E:\skillproject\node_modules\next\dist\compiled\next-server\app-page.runtime.dev.js:35:50095)
    at aj (E:\skillproject\node_modules\next\dist\compiled\next-server\app-page.runtime.dev.js:35:53793)
    at E:\skillproject\node_modules\next\dist\compiled\next-server\app-page.runtime.dev.js:35:42336
    at aw (E:\skillproject\node_modules\next\dist\compiled\next-server\app-page.runtime.dev.js:35:42822)
    at a_ (E:\skillproject\node_modules\next\dist\compiled\next-server\app-page.runtime.dev.js:35:49776)
    at aj (E:\skillproject\node_modules\next\dist\compiled\next-server\app-page.runtime.dev.js:35:53793)
    at aC (E:\skillproject\node_modules\next\dist\compiled\next-server\app-page.runtime.dev.js:35:52874)
    at a_ (E:\skillproject\node_modules\next\dist\compiled\next-server\app-page.runtime.dev.js:35:50095)
    at aj (E:\skillproject\node_modules\next\dist\compiled\next-server\app-page.runtime.dev.js:35:53793)
    at E:\skillproject\node_modules\next\dist\compiled\next-server\app-page.runtime.dev.js:35:42336
    at aw (E:\skillproject\node_modules\next\dist\compiled\next-server\app-page.runtime.dev.js:35:42822)
    at a_ (E:\skillproject\node_modules\next\dist\compiled\next-server\app-page.runtime.dev.js:35:49776)
    at a_ (E:\skillproject\node_modules\next\dist\compiled\next-server\app-page.runtime.dev.js:35:50067)
    at E:\skillproject\node_modules\next\dist\compiled\next-server\app-page.runtime.dev.js:35:58612
    at E:\skillproject\node_modules\next\dist\compiled\next-server\app-page.runtime.dev.js:35:59270
    at aN (E:\skillproject\node_modules\next\dist\compiled\next-server\app-page.runtime.dev.js:35:59278)
    at Timeout._onTimeout (E:\skillproject\node_modules\next\dist\compiled\next-server\app-page.runtime.dev.js:35:6939)
    at listOnTimeout (node:internal/timers:605:17)
    at process.processTimers (node:internal/timers:541:7)
digest: "3581677559"
 GET /roadmaps/frontend-dev/fe-t4 200 in 51ms
 ⨯ Internal error: Error: Element type is invalid: expected a string (for built-in components) or a class/function (for composite components) but got: undefined. You likely forgot to export your component from the file it's defined in, or you might have mixed up default and named imports.
    at aw (E:\skillproject\node_modules\next\dist\compiled\next-server\app-page.runtime.dev.js:35:46775)
    at aw (E:\skillproject\node_modules\next\dist\compiled\next-server\app-page.runtime.dev.js:35:46505)
    at a_ (E:\skillproject\node_modules\next\dist\compiled\next-server\app-page.runtime.dev.js:35:49776)
    at aj (E:\skillproject\node_modules\next\dist\compiled\next-server\app-page.runtime.dev.js:35:53793)
    at aC (E:\skillproject\node_modules\next\dist\compiled\next-server\app-page.runtime.dev.js:35:52874)
    at a_ (E:\skillproject\node_modules\next\dist\compiled\next-server\app-page.runtime.dev.js:35:50095)
    at aj (E:\skillproject\node_modules\next\dist\compiled\next-server\app-page.runtime.dev.js:35:53793)
    at E:\skillproject\node_modules\next\dist\compiled\next-server\app-page.runtime.dev.js:35:42336
    at aw (E:\skillproject\node_modules\next\dist\compiled\next-server\app-page.runtime.dev.js:35:42822)
    at a_ (E:\skillproject\node_modules\next\dist\compiled\next-server\app-page.runtime.dev.js:35:49776)
    at aj (E:\skillproject\node_modules\next\dist\compiled\next-server\app-page.runtime.dev.js:35:53793)
    at aC (E:\skillproject\node_modules\next\dist\compiled\next-server\app-page.runtime.dev.js:35:52874)
    at a_ (E:\skillproject\node_modules\next\dist\compiled\next-server\app-page.runtime.dev.js:35:50095)
    at aj (E:\skillproject\node_modules\next\dist\compiled\next-server\app-page.runtime.dev.js:35:53793)
    at E:\skillproject\node_modules\next\dist\compiled\next-server\app-page.runtime.dev.js:35:42336
    at aw (E:\skillproject\node_modules\next\dist\compiled\next-server\app-page.runtime.dev.js:35:42822)
    at a_ (E:\skillproject\node_modules\next\dist\compiled\next-server\app-page.runtime.dev.js:35:49776)
    at a_ (E:\skillproject\node_modules\next\dist\compiled\next-server\app-page.runtime.dev.js:35:50067)
    at E:\skillproject\node_modules\next\dist\compiled\next-server\app-page.runtime.dev.js:35:58612
    at E:\skillproject\node_modules\next\dist\compiled\next-server\app-page.runtime.dev.js:35:59270
    at aN (E:\skillproject\node_modules\next\dist\compiled\next-server\app-page.runtime.dev.js:35:59278)
    at Timeout._onTimeout (E:\skillproject\node_modules\next\dist\compiled\next-server\app-page.runtime.dev.js:35:6939)
    at listOnTimeout (node:internal/timers:605:17)
    at process.processTimers (node:internal/timers:541:7)
digest: "3581677559"
 GET /roadmaps/frontend-dev/fe-t5 200 in 34ms
 ⨯ Internal error: Error: Element type is invalid: expected a string (for built-in components) or a class/function (for composite components) but got: undefined. You likely forgot to export your component from the file it's defined in, or you might have mixed up default and named imports.
    at aw (E:\skillproject\node_modules\next\dist\compiled\next-server\app-page.runtime.dev.js:35:46775)
    at aw (E:\skillproject\node_modules\next\dist\compiled\next-server\app-page.runtime.dev.js:35:46505)
    at a_ (E:\skillproject\node_modules\next\dist\compiled\next-server\app-page.runtime.dev.js:35:49776)
    at aj (E:\skillproject\node_modules\next\dist\compiled\next-server\app-page.runtime.dev.js:35:53793)
    at aC (E:\skillproject\node_modules\next\dist\compiled\next-server\app-page.runtime.dev.js:35:52874)
    at a_ (E:\skillproject\node_modules\next\dist\compiled\next-server\app-page.runtime.dev.js:35:50095)
    at aj (E:\skillproject\node_modules\next\dist\compiled\next-server\app-page.runtime.dev.js:35:53793)
    at E:\skillproject\node_modules\next\dist\compiled\next-server\app-page.runtime.dev.js:35:42336
    at aw (E:\skillproject\node_modules\next\dist\compiled\next-server\app-page.runtime.dev.js:35:42822)
    at a_ (E:\skillproject\node_modules\next\dist\compiled\next-server\app-page.runtime.dev.js:35:49776)
    at aj (E:\skillproject\node_modules\next\dist\compiled\next-server\app-page.runtime.dev.js:35:53793)
    at aC (E:\skillproject\node_modules\next\dist\compiled\next-server\app-page.runtime.dev.js:35:52874)
    at a_ (E:\skillproject\node_modules\next\dist\compiled\next-server\app-page.runtime.dev.js:35:50095)
    at aj (E:\skillproject\node_modules\next\dist\compiled\next-server\app-page.runtime.dev.js:35:53793)
    at E:\skillproject\node_modules\next\dist\compiled\next-server\app-page.runtime.dev.js:35:42336
    at aw (E:\skillproject\node_modules\next\dist\compiled\next-server\app-page.runtime.dev.js:35:42822)
    at a_ (E:\skillproject\node_modules\next\dist\compiled\next-server\app-page.runtime.dev.js:35:49776)
    at a_ (E:\skillproject\node_modules\next\dist\compiled\next-server\app-page.runtime.dev.js:35:50067)
    at E:\skillproject\node_modules\next\dist\compiled\next-server\app-page.runtime.dev.js:35:58612
    at E:\skillproject\node_modules\next\dist\compiled\next-server\app-page.runtime.dev.js:35:59270
    at aN (E:\skillproject\node_modules\next\dist\compiled\next-server\app-page.runtime.dev.js:35:59278)
    at Timeout._onTimeout (E:\skillproject\node_modules\next\dist\compiled\next-server\app-page.runtime.dev.js:35:6939)
    at listOnTimeout (node:internal/timers:605:17)
    at process.processTimers (node:internal/timers:541:7)
digest: "3581677559"
 GET /roadmaps/frontend-dev/fe-t6 200 in 48ms
 ⨯ Internal error: Error: Element type is invalid: expected a string (for built-in components) or a class/function (for composite components) but got: undefined. You likely forgot to export your component from the file it's defined in, or you might have mixed up default and named imports.
    at aw (E:\skillproject\node_modules\next\dist\compiled\next-server\app-page.runtime.dev.js:35:46775)
    at aw (E:\skillproject\node_modules\next\dist\compiled\next-server\app-page.runtime.dev.js:35:46505)
    at a_ (E:\skillproject\node_modules\next\dist\compiled\next-server\app-page.runtime.dev.js:35:49776)
    at aj (E:\skillproject\node_modules\next\dist\compiled\next-server\app-page.runtime.dev.js:35:53793)
    at aC (E:\skillproject\node_modules\next\dist\compiled\next-server\app-page.runtime.dev.js:35:52874)
    at a_ (E:\skillproject\node_modules\next\dist\compiled\next-server\app-page.runtime.dev.js:35:50095)
    at aj (E:\skillproject\node_modules\next\dist\compiled\next-server\app-page.runtime.dev.js:35:53793)
    at E:\skillproject\node_modules\next\dist\compiled\next-server\app-page.runtime.dev.js:35:42336
    at aw (E:\skillproject\node_modules\next\dist\compiled\next-server\app-page.runtime.dev.js:35:42822)
    at a_ (E:\skillproject\node_modules\next\dist\compiled\next-server\app-page.runtime.dev.js:35:49776)
    at aj (E:\skillproject\node_modules\next\dist\compiled\next-server\app-page.runtime.dev.js:35:53793)
    at aC (E:\skillproject\node_modules\next\dist\compiled\next-server\app-page.runtime.dev.js:35:52874)
    at a_ (E:\skillproject\node_modules\next\dist\compiled\next-server\app-page.runtime.dev.js:35:50095)
    at aj (E:\skillproject\node_modules\next\dist\compiled\next-server\app-page.runtime.dev.js:35:53793)
    at E:\skillproject\node_modules\next\dist\compiled\next-server\app-page.runtime.dev.js:35:42336
    at aw (E:\skillproject\node_modules\next\dist\compiled\next-server\app-page.runtime.dev.js:35:42822)
    at a_ (E:\skillproject\node_modules\next\dist\compiled\next-server\app-page.runtime.dev.js:35:49776)
    at a_ (E:\skillproject\node_modules\next\dist\compiled\next-server\app-page.runtime.dev.js:35:50067)
    at E:\skillproject\node_modules\next\dist\compiled\next-server\app-page.runtime.dev.js:35:58612
    at E:\skillproject\node_modules\next\dist\compiled\next-server\app-page.runtime.dev.js:35:59270
    at aN (E:\skillproject\node_modules\next\dist\compiled\next-server\app-page.runtime.dev.js:35:59278)
    at Timeout._onTimeout (E:\skillproject\node_modules\next\dist\compiled\next-server\app-page.runtime.dev.js:35:6939)
    at listOnTimeout (node:internal/timers:605:17)
    at process.processTimers (node:internal/timers:541:7)
digest: "3581677559"
 GET /roadmaps/frontend-dev/fe-t7 200 in 47ms
 ⨯ Internal error: Error: Element type is invalid: expected a string (for built-in components) or a class/function (for composite components) but got: undefined. You likely forgot to export your component from the file it's defined in, or you might have mixed up default and named imports.
    at aw (E:\skillproject\node_modules\next\dist\compiled\next-server\app-page.runtime.dev.js:35:46775)
    at aw (E:\skillproject\node_modules\next\dist\compiled\next-server\app-page.runtime.dev.js:35:46505)
    at a_ (E:\skillproject\node_modules\next\dist\compiled\next-server\app-page.runtime.dev.js:35:49776)
    at aj (E:\skillproject\node_modules\next\dist\compiled\next-server\app-page.runtime.dev.js:35:53793)
    at aC (E:\skillproject\node_modules\next\dist\compiled\next-server\app-page.runtime.dev.js:35:52874)
    at a_ (E:\skillproject\node_modules\next\dist\compiled\next-server\app-page.runtime.dev.js:35:50095)
    at aj (E:\skillproject\node_modules\next\dist\compiled\next-server\app-page.runtime.dev.js:35:53793)
    at E:\skillproject\node_modules\next\dist\compiled\next-server\app-page.runtime.dev.js:35:42336
    at aw (E:\skillproject\node_modules\next\dist\compiled\next-server\app-page.runtime.dev.js:35:42822)
    at a_ (E:\skillproject\node_modules\next\dist\compiled\next-server\app-page.runtime.dev.js:35:49776)
    at aj (E:\skillproject\node_modules\next\dist\compiled\next-server\app-page.runtime.dev.js:35:53793)
    at aC (E:\skillproject\node_modules\next\dist\compiled\next-server\app-page.runtime.dev.js:35:52874)
    at a_ (E:\skillproject\node_modules\next\dist\compiled\next-server\app-page.runtime.dev.js:35:50095)
    at aj (E:\skillproject\node_modules\next\dist\compiled\next-server\app-page.runtime.dev.js:35:53793)
    at E:\skillproject\node_modules\next\dist\compiled\next-server\app-page.runtime.dev.js:35:42336
    at aw (E:\skillproject\node_modules\next\dist\compiled\next-server\app-page.runtime.dev.js:35:42822)
    at a_ (E:\skillproject\node_modules\next\dist\compiled\next-server\app-page.runtime.dev.js:35:49776)
    at a_ (E:\skillproject\node_modules\next\dist\compiled\next-server\app-page.runtime.dev.js:35:50067)
    at E:\skillproject\node_modules\next\dist\compiled\next-server\app-page.runtime.dev.js:35:58612
    at E:\skillproject\node_modules\next\dist\compiled\next-server\app-page.runtime.dev.js:35:59270
    at aN (E:\skillproject\node_modules\next\dist\compiled\next-server\app-page.runtime.dev.js:35:59278)
    at Timeout._onTimeout (E:\skillproject\node_modules\next\dist\compiled\next-server\app-page.runtime.dev.js:35:6939)
    at listOnTimeout (node:internal/timers:605:17)
    at process.processTimers (node:internal/timers:541:7)
digest: "3581677559"
 GET /roadmaps/frontend-dev/fe-t8 200 in 34ms
 ✓ Compiled in 565ms (588 modules)
 ✓ Compiled in 436ms (586 modules)
 ⨯ Internal error: Error: Element type is invalid: expected a string (for built-in components) or a class/function (for composite components) but got: undefined. You likely forgot to export your component from the file it's defined in, or you might have mixed up default and named imports.
    at aw (E:\skillproject\node_modules\next\dist\compiled\next-server\app-page.runtime.dev.js:35:46775)
    at aw (E:\skillproject\node_modules\next\dist\compiled\next-server\app-page.runtime.dev.js:35:46505)
    at a_ (E:\skillproject\node_modules\next\dist\compiled\next-server\app-page.runtime.dev.js:35:49776)
    at aj (E:\skillproject\node_modules\next\dist\compiled\next-server\app-page.runtime.dev.js:35:53793)
    at aC (E:\skillproject\node_modules\next\dist\compiled\next-server\app-page.runtime.dev.js:35:52874)
    at a_ (E:\skillproject\node_modules\next\dist\compiled\next-server\app-page.runtime.dev.js:35:50095)
    at aj (E:\skillproject\node_modules\next\dist\compiled\next-server\app-page.runtime.dev.js:35:53793)
    at E:\skillproject\node_modules\next\dist\compiled\next-server\app-page.runtime.dev.js:35:42336
    at aw (E:\skillproject\node_modules\next\dist\compiled\next-server\app-page.runtime.dev.js:35:42822)
    at a_ (E:\skillproject\node_modules\next\dist\compiled\next-server\app-page.runtime.dev.js:35:49776)
    at aj (E:\skillproject\node_modules\next\dist\compiled\next-server\app-page.runtime.dev.js:35:53793)
    at aC (E:\skillproject\node_modules\next\dist\compiled\next-server\app-page.runtime.dev.js:35:52874)
    at a_ (E:\skillproject\node_modules\next\dist\compiled\next-server\app-page.runtime.dev.js:35:50095)
    at aj (E:\skillproject\node_modules\next\dist\compiled\next-server\app-page.runtime.dev.js:35:53793)
    at E:\skillproject\node_modules\next\dist\compiled\next-server\app-page.runtime.dev.js:35:42336
    at aw (E:\skillproject\node_modules\next\dist\compiled\next-server\app-page.runtime.dev.js:35:42822)
    at a_ (E:\skillproject\node_modules\next\dist\compiled\next-server\app-page.runtime.dev.js:35:49776)
    at a_ (E:\skillproject\node_modules\next\dist\compiled\next-server\app-page.runtime.dev.js:35:50067)
    at E:\skillproject\node_modules\next\dist\compiled\next-server\app-page.runtime.dev.js:35:58612
    at E:\skillproject\node_modules\next\dist\compiled\next-server\app-page.runtime.dev.js:35:59270
    at aN (E:\skillproject\node_modules\next\dist\compiled\next-server\app-page.runtime.dev.js:35:59278)
    at Timeout._onTimeout (E:\skillproject\node_modules\next\dist\compiled\next-server\app-page.runtime.dev.js:35:6939)
    at listOnTimeout (node:internal/timers:605:17)
    at process.processTimers (node:internal/timers:541:7)
digest: "3581677559"
 GET /roadmaps/frontend-dev/fe-t1 200 in 225ms
 ⨯ Internal error: Error: Element type is invalid: expected a string (for built-in components) or a class/function (for composite components) but got: undefined. You likely forgot to export your component from the file it's defined in, or you might have mixed up default and named imports.
    at aw (E:\skillproject\node_modules\next\dist\compiled\next-server\app-page.runtime.dev.js:35:46775)
    at aw (E:\skillproject\node_modules\next\dist\compiled\next-server\app-page.runtime.dev.js:35:46505)
    at a_ (E:\skillproject\node_modules\next\dist\compiled\next-server\app-page.runtime.dev.js:35:49776)
    at aj (E:\skillproject\node_modules\next\dist\compiled\next-server\app-page.runtime.dev.js:35:53793)
    at aC (E:\skillproject\node_modules\next\dist\compiled\next-server\app-page.runtime.dev.js:35:52874)
    at a_ (E:\skillproject\node_modules\next\dist\compiled\next-server\app-page.runtime.dev.js:35:50095)
    at aj (E:\skillproject\node_modules\next\dist\compiled\next-server\app-page.runtime.dev.js:35:53793)
    at E:\skillproject\node_modules\next\dist\compiled\next-server\app-page.runtime.dev.js:35:42336
    at aw (E:\skillproject\node_modules\next\dist\compiled\next-server\app-page.runtime.dev.js:35:42822)
    at a_ (E:\skillproject\node_modules\next\dist\compiled\next-server\app-page.runtime.dev.js:35:49776)
    at aj (E:\skillproject\node_modules\next\dist\compiled\next-server\app-page.runtime.dev.js:35:53793)
    at aC (E:\skillproject\node_modules\next\dist\compiled\next-server\app-page.runtime.dev.js:35:52874)
    at a_ (E:\skillproject\node_modules\next\dist\compiled\next-server\app-page.runtime.dev.js:35:50095)
    at aj (E:\skillproject\node_modules\next\dist\compiled\next-server\app-page.runtime.dev.js:35:53793)
    at E:\skillproject\node_modules\next\dist\compiled\next-server\app-page.runtime.dev.js:35:42336
    at aw (E:\skillproject\node_modules\next\dist\compiled\next-server\app-page.runtime.dev.js:35:42822)
    at a_ (E:\skillproject\node_modules\next\dist\compiled\next-server\app-page.runtime.dev.js:35:49776)
    at a_ (E:\skillproject\node_modules\next\dist\compiled\next-server\app-page.runtime.dev.js:35:50067)
    at E:\skillproject\node_modules\next\dist\compiled\next-server\app-page.runtime.dev.js:35:58612
    at E:\skillproject\node_modules\next\dist\compiled\next-server\app-page.runtime.dev.js:35:59270
    at aN (E:\skillproject\node_modules\next\dist\compiled\next-server\app-page.runtime.dev.js:35:59278)
    at Timeout._onTimeout (E:\skillproject\node_modules\next\dist\compiled\next-server\app-page.runtime.dev.js:35:6939)
    at listOnTimeout (node:internal/timers:605:17)
    at process.processTimers (node:internal/timers:541:7)
digest: "3581677559"
 GET /roadmaps/frontend-dev/fe-t2 200 in 65ms
 ⨯ Internal error: Error: Element type is invalid: expected a string (for built-in components) or a class/function (for composite components) but got: undefined. You likely forgot to export your component from the file it's defined in, or you might have mixed up default and named imports.
    at aw (E:\skillproject\node_modules\next\dist\compiled\next-server\app-page.runtime.dev.js:35:46775)
    at aw (E:\skillproject\node_modules\next\dist\compiled\next-server\app-page.runtime.dev.js:35:46505)
    at a_ (E:\skillproject\node_modules\next\dist\compiled\next-server\app-page.runtime.dev.js:35:49776)
    at aj (E:\skillproject\node_modules\next\dist\compiled\next-server\app-page.runtime.dev.js:35:53793)
    at aC (E:\skillproject\node_modules\next\dist\compiled\next-server\app-page.runtime.dev.js:35:52874)
    at a_ (E:\skillproject\node_modules\next\dist\compiled\next-server\app-page.runtime.dev.js:35:50095)
    at aj (E:\skillproject\node_modules\next\dist\compiled\next-server\app-page.runtime.dev.js:35:53793)
    at E:\skillproject\node_modules\next\dist\compiled\next-server\app-page.runtime.dev.js:35:42336
    at aw (E:\skillproject\node_modules\next\dist\compiled\next-server\app-page.runtime.dev.js:35:42822)
    at a_ (E:\skillproject\node_modules\next\dist\compiled\next-server\app-page.runtime.dev.js:35:49776)
    at aj (E:\skillproject\node_modules\next\dist\compiled\next-server\app-page.runtime.dev.js:35:53793)
    at aC (E:\skillproject\node_modules\next\dist\compiled\next-server\app-page.runtime.dev.js:35:52874)
    at a_ (E:\skillproject\node_modules\next\dist\compiled\next-server\app-page.runtime.dev.js:35:50095)
    at aj (E:\skillproject\node_modules\next\dist\compiled\next-server\app-page.runtime.dev.js:35:53793)
    at E:\skillproject\node_modules\next\dist\compiled\next-server\app-page.runtime.dev.js:35:42336
    at aw (E:\skillproject\node_modules\next\dist\compiled\next-server\app-page.runtime.dev.js:35:42822)
    at a_ (E:\skillproject\node_modules\next\dist\compiled\next-server\app-page.runtime.dev.js:35:49776)
    at a_ (E:\skillproject\node_modules\next\dist\compiled\next-server\app-page.runtime.dev.js:35:50067)
    at E:\skillproject\node_modules\next\dist\compiled\next-server\app-page.runtime.dev.js:35:58612
    at E:\skillproject\node_modules\next\dist\compiled\next-server\app-page.runtime.dev.js:35:59270
    at aN (E:\skillproject\node_modules\next\dist\compiled\next-server\app-page.runtime.dev.js:35:59278)
    at Timeout._onTimeout (E:\skillproject\node_modules\next\dist\compiled\next-server\app-page.runtime.dev.js:35:6939)
    at listOnTimeout (node:internal/timers:605:17)
    at process.processTimers (node:internal/timers:541:7)
digest: "3581677559"
 GET /roadmaps/backend-dev/be-t1 200 in 73ms
 ⨯ Internal error: Error: Element type is invalid: expected a string (for built-in components) or a class/function (for composite components) but got: undefined. You likely forgot to export your component from the file it's defined in, or you might have mixed up default and named imports.
    at aw (E:\skillproject\node_modules\next\dist\compiled\next-server\app-page.runtime.dev.js:35:46775)
    at aw (E:\skillproject\node_modules\next\dist\compiled\next-server\app-page.runtime.dev.js:35:46505)
    at a_ (E:\skillproject\node_modules\next\dist\compiled\next-server\app-page.runtime.dev.js:35:49776)
    at aj (E:\skillproject\node_modules\next\dist\compiled\next-server\app-page.runtime.dev.js:35:53793)
    at aC (E:\skillproject\node_modules\next\dist\compiled\next-server\app-page.runtime.dev.js:35:52874)
    at a_ (E:\skillproject\node_modules\next\dist\compiled\next-server\app-page.runtime.dev.js:35:50095)
    at aj (E:\skillproject\node_modules\next\dist\compiled\next-server\app-page.runtime.dev.js:35:53793)
    at E:\skillproject\node_modules\next\dist\compiled\next-server\app-page.runtime.dev.js:35:42336
    at aw (E:\skillproject\node_modules\next\dist\compiled\next-server\app-page.runtime.dev.js:35:42822)
    at a_ (E:\skillproject\node_modules\next\dist\compiled\next-server\app-page.runtime.dev.js:35:49776)
    at aj (E:\skillproject\node_modules\next\dist\compiled\next-server\app-page.runtime.dev.js:35:53793)
    at aC (E:\skillproject\node_modules\next\dist\compiled\next-server\app-page.runtime.dev.js:35:52874)
    at a_ (E:\skillproject\node_modules\next\dist\compiled\next-server\app-page.runtime.dev.js:35:50095)
    at aj (E:\skillproject\node_modules\next\dist\compiled\next-server\app-page.runtime.dev.js:35:53793)
    at E:\skillproject\node_modules\next\dist\compiled\next-server\app-page.runtime.dev.js:35:42336
    at aw (E:\skillproject\node_modules\next\dist\compiled\next-server\app-page.runtime.dev.js:35:42822)
    at a_ (E:\skillproject\node_modules\next\dist\compiled\next-server\app-page.runtime.dev.js:35:49776)
    at a_ (E:\skillproject\node_modules\next\dist\compiled\next-server\app-page.runtime.dev.js:35:50067)
    at E:\skillproject\node_modules\next\dist\compiled\next-server\app-page.runtime.dev.js:35:58612
    at E:\skillproject\node_modules\next\dist\compiled\next-server\app-page.runtime.dev.js:35:59270
    at aN (E:\skillproject\node_modules\next\dist\compiled\next-server\app-page.runtime.dev.js:35:59278)
    at Timeout._onTimeout (E:\skillproject\node_modules\next\dist\compiled\next-server\app-page.runtime.dev.js:35:6939)
    at listOnTimeout (node:internal/timers:605:17)
    at process.processTimers (node:internal/timers:541:7)
digest: "3581677559"
 GET /roadmaps/backend-dev/be-t10 200 in 50ms
 ⨯ Internal error: Error: Element type is invalid: expected a string (for built-in components) or a class/function (for composite components) but got: undefined. You likely forgot to export your component from the file it's defined in, or you might have mixed up default and named imports.
    at aw (E:\skillproject\node_modules\next\dist\compiled\next-server\app-page.runtime.dev.js:35:46775)
    at aw (E:\skillproject\node_modules\next\dist\compiled\next-server\app-page.runtime.dev.js:35:46505)
    at a_ (E:\skillproject\node_modules\next\dist\compiled\next-server\app-page.runtime.dev.js:35:49776)
    at aj (E:\skillproject\node_modules\next\dist\compiled\next-server\app-page.runtime.dev.js:35:53793)
    at aC (E:\skillproject\node_modules\next\dist\compiled\next-server\app-page.runtime.dev.js:35:52874)
    at a_ (E:\skillproject\node_modules\next\dist\compiled\next-server\app-page.runtime.dev.js:35:50095)
    at aj (E:\skillproject\node_modules\next\dist\compiled\next-server\app-page.runtime.dev.js:35:53793)
    at E:\skillproject\node_modules\next\dist\compiled\next-server\app-page.runtime.dev.js:35:42336
    at aw (E:\skillproject\node_modules\next\dist\compiled\next-server\app-page.runtime.dev.js:35:42822)
    at a_ (E:\skillproject\node_modules\next\dist\compiled\next-server\app-page.runtime.dev.js:35:49776)
    at aj (E:\skillproject\node_modules\next\dist\compiled\next-server\app-page.runtime.dev.js:35:53793)
    at aC (E:\skillproject\node_modules\next\dist\compiled\next-server\app-page.runtime.dev.js:35:52874)
    at a_ (E:\skillproject\node_modules\next\dist\compiled\next-server\app-page.runtime.dev.js:35:50095)
    at aj (E:\skillproject\node_modules\next\dist\compiled\next-server\app-page.runtime.dev.js:35:53793)
    at E:\skillproject\node_modules\next\dist\compiled\next-server\app-page.runtime.dev.js:35:42336
    at aw (E:\skillproject\node_modules\next\dist\compiled\next-server\app-page.runtime.dev.js:35:42822)
    at a_ (E:\skillproject\node_modules\next\dist\compiled\next-server\app-page.runtime.dev.js:35:49776)
    at a_ (E:\skillproject\node_modules\next\dist\compiled\next-server\app-page.runtime.dev.js:35:50067)
    at E:\skillproject\node_modules\next\dist\compiled\next-server\app-page.runtime.dev.js:35:58612
    at E:\skillproject\node_modules\next\dist\compiled\next-server\app-page.runtime.dev.js:35:59270
    at aN (E:\skillproject\node_modules\next\dist\compiled\next-server\app-page.runtime.dev.js:35:59278)
    at Timeout._onTimeout (E:\skillproject\node_modules\next\dist\compiled\next-server\app-page.runtime.dev.js:35:6939)
    at listOnTimeout (node:internal/timers:605:17)
    at process.processTimers (node:internal/timers:541:7)
digest: "3581677559"
 GET /roadmaps/backend-dev/be-t11 200 in 48ms
 ⨯ Internal error: Error: Element type is invalid: expected a string (for built-in components) or a class/function (for composite components) but got: undefined. You likely forgot to export your component from the file it's defined in, or you might have mixed up default and named imports.
    at aw (E:\skillproject\node_modules\next\dist\compiled\next-server\app-page.runtime.dev.js:35:46775)
    at aw (E:\skillproject\node_modules\next\dist\compiled\next-server\app-page.runtime.dev.js:35:46505)
    at a_ (E:\skillproject\node_modules\next\dist\compiled\next-server\app-page.runtime.dev.js:35:49776)
    at aj (E:\skillproject\node_modules\next\dist\compiled\next-server\app-page.runtime.dev.js:35:53793)
    at aC (E:\skillproject\node_modules\next\dist\compiled\next-server\app-page.runtime.dev.js:35:52874)
    at a_ (E:\skillproject\node_modules\next\dist\compiled\next-server\app-page.runtime.dev.js:35:50095)
    at aj (E:\skillproject\node_modules\next\dist\compiled\next-server\app-page.runtime.dev.js:35:53793)
    at E:\skillproject\node_modules\next\dist\compiled\next-server\app-page.runtime.dev.js:35:42336
    at aw (E:\skillproject\node_modules\next\dist\compiled\next-server\app-page.runtime.dev.js:35:42822)
    at a_ (E:\skillproject\node_modules\next\dist\compiled\next-server\app-page.runtime.dev.js:35:49776)
    at aj (E:\skillproject\node_modules\next\dist\compiled\next-server\app-page.runtime.dev.js:35:53793)
    at aC (E:\skillproject\node_modules\next\dist\compiled\next-server\app-page.runtime.dev.js:35:52874)
    at a_ (E:\skillproject\node_modules\next\dist\compiled\next-server\app-page.runtime.dev.js:35:50095)
    at aj (E:\skillproject\node_modules\next\dist\compiled\next-server\app-page.runtime.dev.js:35:53793)
    at E:\skillproject\node_modules\next\dist\compiled\next-server\app-page.runtime.dev.js:35:42336
    at aw (E:\skillproject\node_modules\next\dist\compiled\next-server\app-page.runtime.dev.js:35:42822)
    at a_ (E:\skillproject\node_modules\next\dist\compiled\next-server\app-page.runtime.dev.js:35:49776)
    at a_ (E:\skillproject\node_modules\next\dist\compiled\next-server\app-page.runtime.dev.js:35:50067)
    at E:\skillproject\node_modules\next\dist\compiled\next-server\app-page.runtime.dev.js:35:58612
    at E:\skillproject\node_modules\next\dist\compiled\next-server\app-page.runtime.dev.js:35:59270
    at aN (E:\skillproject\node_modules\next\dist\compiled\next-server\app-page.runtime.dev.js:35:59278)
    at Timeout._onTimeout (E:\skillproject\node_modules\next\dist\compiled\next-server\app-page.runtime.dev.js:35:6939)
    at listOnTimeout (node:internal/timers:605:17)
    at process.processTimers (node:internal/timers:541:7)
digest: "3581677559"
 GET /roadmaps/backend-dev/be-t12 200 in 44ms
 ⨯ Internal error: Error: Element type is invalid: expected a string (for built-in components) or a class/function (for composite components) but got: undefined. You likely forgot to export your component from the file it's defined in, or you might have mixed up default and named imports.
    at aw (E:\skillproject\node_modules\next\dist\compiled\next-server\app-page.runtime.dev.js:35:46775)
    at aw (E:\skillproject\node_modules\next\dist\compiled\next-server\app-page.runtime.dev.js:35:46505)
    at a_ (E:\skillproject\node_modules\next\dist\compiled\next-server\app-page.runtime.dev.js:35:49776)
    at aj (E:\skillproject\node_modules\next\dist\compiled\next-server\app-page.runtime.dev.js:35:53793)
    at aC (E:\skillproject\node_modules\next\dist\compiled\next-server\app-page.runtime.dev.js:35:52874)
    at a_ (E:\skillproject\node_modules\next\dist\compiled\next-server\app-page.runtime.dev.js:35:50095)
    at aj (E:\skillproject\node_modules\next\dist\compiled\next-server\app-page.runtime.dev.js:35:53793)
    at E:\skillproject\node_modules\next\dist\compiled\next-server\app-page.runtime.dev.js:35:42336
    at aw (E:\skillproject\node_modules\next\dist\compiled\next-server\app-page.runtime.dev.js:35:42822)
    at a_ (E:\skillproject\node_modules\next\dist\compiled\next-server\app-page.runtime.dev.js:35:49776)
    at aj (E:\skillproject\node_modules\next\dist\compiled\next-server\app-page.runtime.dev.js:35:53793)
    at aC (E:\skillproject\node_modules\next\dist\compiled\next-server\app-page.runtime.dev.js:35:52874)
    at a_ (E:\skillproject\node_modules\next\dist\compiled\next-server\app-page.runtime.dev.js:35:50095)
    at aj (E:\skillproject\node_modules\next\dist\compiled\next-server\app-page.runtime.dev.js:35:53793)
    at E:\skillproject\node_modules\next\dist\compiled\next-server\app-page.runtime.dev.js:35:42336
    at aw (E:\skillproject\node_modules\next\dist\compiled\next-server\app-page.runtime.dev.js:35:42822)
    at a_ (E:\skillproject\node_modules\next\dist\compiled\next-server\app-page.runtime.dev.js:35:49776)
    at a_ (E:\skillproject\node_modules\next\dist\compiled\next-server\app-page.runtime.dev.js:35:50067)
    at E:\skillproject\node_modules\next\dist\compiled\next-server\app-page.runtime.dev.js:35:58612
    at E:\skillproject\node_modules\next\dist\compiled\next-server\app-page.runtime.dev.js:35:59270
    at aN (E:\skillproject\node_modules\next\dist\compiled\next-server\app-page.runtime.dev.js:35:59278)
    at Timeout._onTimeout (E:\skillproject\node_modules\next\dist\compiled\next-server\app-page.runtime.dev.js:35:6939)
    at listOnTimeout (node:internal/timers:605:17)
    at process.processTimers (node:internal/timers:541:7)
digest: "3581677559"
 GET /roadmaps/backend-dev/be-t2 200 in 44ms
 ⨯ Internal error: Error: Element type is invalid: expected a string (for built-in components) or a class/function (for composite components) but got: undefined. You likely forgot to export your component from the file it's defined in, or you might have mixed up default and named imports.
    at aw (E:\skillproject\node_modules\next\dist\compiled\next-server\app-page.runtime.dev.js:35:46775)
    at aw (E:\skillproject\node_modules\next\dist\compiled\next-server\app-page.runtime.dev.js:35:46505)
    at a_ (E:\skillproject\node_modules\next\dist\compiled\next-server\app-page.runtime.dev.js:35:49776)
    at aj (E:\skillproject\node_modules\next\dist\compiled\next-server\app-page.runtime.dev.js:35:53793)
    at aC (E:\skillproject\node_modules\next\dist\compiled\next-server\app-page.runtime.dev.js:35:52874)
    at a_ (E:\skillproject\node_modules\next\dist\compiled\next-server\app-page.runtime.dev.js:35:50095)
    at aj (E:\skillproject\node_modules\next\dist\compiled\next-server\app-page.runtime.dev.js:35:53793)
    at E:\skillproject\node_modules\next\dist\compiled\next-server\app-page.runtime.dev.js:35:42336
    at aw (E:\skillproject\node_modules\next\dist\compiled\next-server\app-page.runtime.dev.js:35:42822)
    at a_ (E:\skillproject\node_modules\next\dist\compiled\next-server\app-page.runtime.dev.js:35:49776)
    at aj (E:\skillproject\node_modules\next\dist\compiled\next-server\app-page.runtime.dev.js:35:53793)
    at aC (E:\skillproject\node_modules\next\dist\compiled\next-server\app-page.runtime.dev.js:35:52874)
    at a_ (E:\skillproject\node_modules\next\dist\compiled\next-server\app-page.runtime.dev.js:35:50095)
    at aj (E:\skillproject\node_modules\next\dist\compiled\next-server\app-page.runtime.dev.js:35:53793)
    at E:\skillproject\node_modules\next\dist\compiled\next-server\app-page.runtime.dev.js:35:42336
    at aw (E:\skillproject\node_modules\next\dist\compiled\next-server\app-page.runtime.dev.js:35:42822)
    at a_ (E:\skillproject\node_modules\next\dist\compiled\next-server\app-page.runtime.dev.js:35:49776)
    at a_ (E:\skillproject\node_modules\next\dist\compiled\next-server\app-page.runtime.dev.js:35:50067)
    at E:\skillproject\node_modules\next\dist\compiled\next-server\app-page.runtime.dev.js:35:58612
    at E:\skillproject\node_modules\next\dist\compiled\next-server\app-page.runtime.dev.js:35:59270
    at aN (E:\skillproject\node_modules\next\dist\compiled\next-server\app-page.runtime.dev.js:35:59278)
    at Timeout._onTimeout (E:\skillproject\node_modules\next\dist\compiled\next-server\app-page.runtime.dev.js:35:6939)
    at listOnTimeout (node:internal/timers:605:17)
    at process.processTimers (node:internal/timers:541:7)
digest: "3581677559"
 GET /roadmaps/backend-dev/be-t3 200 in 41ms
 ⨯ Internal error: Error: Element type is invalid: expected a string (for built-in components) or a class/function (for composite components) but got: undefined. You likely forgot to export your component from the file it's defined in, or you might have mixed up default and named imports.
    at aw (E:\skillproject\node_modules\next\dist\compiled\next-server\app-page.runtime.dev.js:35:46775)
    at aw (E:\skillproject\node_modules\next\dist\compiled\next-server\app-page.runtime.dev.js:35:46505)
    at a_ (E:\skillproject\node_modules\next\dist\compiled\next-server\app-page.runtime.dev.js:35:49776)
    at aj (E:\skillproject\node_modules\next\dist\compiled\next-server\app-page.runtime.dev.js:35:53793)
    at aC (E:\skillproject\node_modules\next\dist\compiled\next-server\app-page.runtime.dev.js:35:52874)
    at a_ (E:\skillproject\node_modules\next\dist\compiled\next-server\app-page.runtime.dev.js:35:50095)
    at aj (E:\skillproject\node_modules\next\dist\compiled\next-server\app-page.runtime.dev.js:35:53793)
    at E:\skillproject\node_modules\next\dist\compiled\next-server\app-page.runtime.dev.js:35:42336
    at aw (E:\skillproject\node_modules\next\dist\compiled\next-server\app-page.runtime.dev.js:35:42822)
    at a_ (E:\skillproject\node_modules\next\dist\compiled\next-server\app-page.runtime.dev.js:35:49776)
    at aj (E:\skillproject\node_modules\next\dist\compiled\next-server\app-page.runtime.dev.js:35:53793)
    at aC (E:\skillproject\node_modules\next\dist\compiled\next-server\app-page.runtime.dev.js:35:52874)
    at a_ (E:\skillproject\node_modules\next\dist\compiled\next-server\app-page.runtime.dev.js:35:50095)
    at aj (E:\skillproject\node_modules\next\dist\compiled\next-server\app-page.runtime.dev.js:35:53793)
    at E:\skillproject\node_modules\next\dist\compiled\next-server\app-page.runtime.dev.js:35:42336
    at aw (E:\skillproject\node_modules\next\dist\compiled\next-server\app-page.runtime.dev.js:35:42822)
    at a_ (E:\skillproject\node_modules\next\dist\compiled\next-server\app-page.runtime.dev.js:35:49776)
    at a_ (E:\skillproject\node_modules\next\dist\compiled\next-server\app-page.runtime.dev.js:35:50067)
    at E:\skillproject\node_modules\next\dist\compiled\next-server\app-page.runtime.dev.js:35:58612
    at E:\skillproject\node_modules\next\dist\compiled\next-server\app-page.runtime.dev.js:35:59270
    at aN (E:\skillproject\node_modules\next\dist\compiled\next-server\app-page.runtime.dev.js:35:59278)
    at Timeout._onTimeout (E:\skillproject\node_modules\next\dist\compiled\next-server\app-page.runtime.dev.js:35:6939)
    at listOnTimeout (node:internal/timers:605:17)
    at process.processTimers (node:internal/timers:541:7)
digest: "3581677559"
 GET /roadmaps/backend-dev/be-t4 200 in 42ms
 ⨯ Internal error: Error: Element type is invalid: expected a string (for built-in components) or a class/function (for composite components) but got: undefined. You likely forgot to export your component from the file it's defined in, or you might have mixed up default and named imports.
    at aw (E:\skillproject\node_modules\next\dist\compiled\next-server\app-page.runtime.dev.js:35:46775)
    at aw (E:\skillproject\node_modules\next\dist\compiled\next-server\app-page.runtime.dev.js:35:46505)
    at a_ (E:\skillproject\node_modules\next\dist\compiled\next-server\app-page.runtime.dev.js:35:49776)
    at aj (E:\skillproject\node_modules\next\dist\compiled\next-server\app-page.runtime.dev.js:35:53793)
    at aC (E:\skillproject\node_modules\next\dist\compiled\next-server\app-page.runtime.dev.js:35:52874)
    at a_ (E:\skillproject\node_modules\next\dist\compiled\next-server\app-page.runtime.dev.js:35:50095)
    at aj (E:\skillproject\node_modules\next\dist\compiled\next-server\app-page.runtime.dev.js:35:53793)
    at E:\skillproject\node_modules\next\dist\compiled\next-server\app-page.runtime.dev.js:35:42336
    at aw (E:\skillproject\node_modules\next\dist\compiled\next-server\app-page.runtime.dev.js:35:42822)
    at a_ (E:\skillproject\node_modules\next\dist\compiled\next-server\app-page.runtime.dev.js:35:49776)
    at aj (E:\skillproject\node_modules\next\dist\compiled\next-server\app-page.runtime.dev.js:35:53793)
    at aC (E:\skillproject\node_modules\next\dist\compiled\next-server\app-page.runtime.dev.js:35:52874)
    at a_ (E:\skillproject\node_modules\next\dist\compiled\next-server\app-page.runtime.dev.js:35:50095)
    at aj (E:\skillproject\node_modules\next\dist\compiled\next-server\app-page.runtime.dev.js:35:53793)
    at E:\skillproject\node_modules\next\dist\compiled\next-server\app-page.runtime.dev.js:35:42336
    at aw (E:\skillproject\node_modules\next\dist\compiled\next-server\app-page.runtime.dev.js:35:42822)
    at a_ (E:\skillproject\node_modules\next\dist\compiled\next-server\app-page.runtime.dev.js:35:49776)
    at a_ (E:\skillproject\node_modules\next\dist\compiled\next-server\app-page.runtime.dev.js:35:50067)
    at E:\skillproject\node_modules\next\dist\compiled\next-server\app-page.runtime.dev.js:35:58612
    at E:\skillproject\node_modules\next\dist\compiled\next-server\app-page.runtime.dev.js:35:59270
    at aN (E:\skillproject\node_modules\next\dist\compiled\next-server\app-page.runtime.dev.js:35:59278)
    at Timeout._onTimeout (E:\skillproject\node_modules\next\dist\compiled\next-server\app-page.runtime.dev.js:35:6939)
    at listOnTimeout (node:internal/timers:605:17)
    at process.processTimers (node:internal/timers:541:7)
digest: "3581677559"
 GET /roadmaps/backend-dev/be-t5 200 in 56ms
 ⨯ Internal error: Error: Element type is invalid: expected a string (for built-in components) or a class/function (for composite components) but got: undefined. You likely forgot to export your component from the file it's defined in, or you might have mixed up default and named imports.
    at aw (E:\skillproject\node_modules\next\dist\compiled\next-server\app-page.runtime.dev.js:35:46775)
    at aw (E:\skillproject\node_modules\next\dist\compiled\next-server\app-page.runtime.dev.js:35:46505)
    at a_ (E:\skillproject\node_modules\next\dist\compiled\next-server\app-page.runtime.dev.js:35:49776)
    at aj (E:\skillproject\node_modules\next\dist\compiled\next-server\app-page.runtime.dev.js:35:53793)
    at aC (E:\skillproject\node_modules\next\dist\compiled\next-server\app-page.runtime.dev.js:35:52874)
    at a_ (E:\skillproject\node_modules\next\dist\compiled\next-server\app-page.runtime.dev.js:35:50095)
    at aj (E:\skillproject\node_modules\next\dist\compiled\next-server\app-page.runtime.dev.js:35:53793)
    at E:\skillproject\node_modules\next\dist\compiled\next-server\app-page.runtime.dev.js:35:42336
    at aw (E:\skillproject\node_modules\next\dist\compiled\next-server\app-page.runtime.dev.js:35:42822)
    at a_ (E:\skillproject\node_modules\next\dist\compiled\next-server\app-page.runtime.dev.js:35:49776)
    at aj (E:\skillproject\node_modules\next\dist\compiled\next-server\app-page.runtime.dev.js:35:53793)
    at aC (E:\skillproject\node_modules\next\dist\compiled\next-server\app-page.runtime.dev.js:35:52874)
    at a_ (E:\skillproject\node_modules\next\dist\compiled\next-server\app-page.runtime.dev.js:35:50095)
    at aj (E:\skillproject\node_modules\next\dist\compiled\next-server\app-page.runtime.dev.js:35:53793)
    at E:\skillproject\node_modules\next\dist\compiled\next-server\app-page.runtime.dev.js:35:42336
    at aw (E:\skillproject\node_modules\next\dist\compiled\next-server\app-page.runtime.dev.js:35:42822)
    at a_ (E:\skillproject\node_modules\next\dist\compiled\next-server\app-page.runtime.dev.js:35:49776)
    at a_ (E:\skillproject\node_modules\next\dist\compiled\next-server\app-page.runtime.dev.js:35:50067)
    at E:\skillproject\node_modules\next\dist\compiled\next-server\app-page.runtime.dev.js:35:58612
    at E:\skillproject\node_modules\next\dist\compiled\next-server\app-page.runtime.dev.js:35:59270
    at aN (E:\skillproject\node_modules\next\dist\compiled\next-server\app-page.runtime.dev.js:35:59278)
    at Timeout._onTimeout (E:\skillproject\node_modules\next\dist\compiled\next-server\app-page.runtime.dev.js:35:6939)
    at listOnTimeout (node:internal/timers:605:17)
    at process.processTimers (node:internal/timers:541:7)
digest: "3581677559"
 GET /roadmaps/backend-dev/be-t6 200 in 58ms
 ⨯ Internal error: Error: Element type is invalid: expected a string (for built-in components) or a class/function (for composite components) but got: undefined. You likely forgot to export your component from the file it's defined in, or you might have mixed up default and named imports.
    at aw (E:\skillproject\node_modules\next\dist\compiled\next-server\app-page.runtime.dev.js:35:46775)
    at aw (E:\skillproject\node_modules\next\dist\compiled\next-server\app-page.runtime.dev.js:35:46505)
    at a_ (E:\skillproject\node_modules\next\dist\compiled\next-server\app-page.runtime.dev.js:35:49776)
    at aj (E:\skillproject\node_modules\next\dist\compiled\next-server\app-page.runtime.dev.js:35:53793)
    at aC (E:\skillproject\node_modules\next\dist\compiled\next-server\app-page.runtime.dev.js:35:52874)
    at a_ (E:\skillproject\node_modules\next\dist\compiled\next-server\app-page.runtime.dev.js:35:50095)
    at aj (E:\skillproject\node_modules\next\dist\compiled\next-server\app-page.runtime.dev.js:35:53793)
    at E:\skillproject\node_modules\next\dist\compiled\next-server\app-page.runtime.dev.js:35:42336
    at aw (E:\skillproject\node_modules\next\dist\compiled\next-server\app-page.runtime.dev.js:35:42822)
    at a_ (E:\skillproject\node_modules\next\dist\compiled\next-server\app-page.runtime.dev.js:35:49776)
    at aj (E:\skillproject\node_modules\next\dist\compiled\next-server\app-page.runtime.dev.js:35:53793)
    at aC (E:\skillproject\node_modules\next\dist\compiled\next-server\app-page.runtime.dev.js:35:52874)
    at a_ (E:\skillproject\node_modules\next\dist\compiled\next-server\app-page.runtime.dev.js:35:50095)
    at aj (E:\skillproject\node_modules\next\dist\compiled\next-server\app-page.runtime.dev.js:35:53793)
    at E:\skillproject\node_modules\next\dist\compiled\next-server\app-page.runtime.dev.js:35:42336
    at aw (E:\skillproject\node_modules\next\dist\compiled\next-server\app-page.runtime.dev.js:35:42822)
    at a_ (E:\skillproject\node_modules\next\dist\compiled\next-server\app-page.runtime.dev.js:35:49776)
    at a_ (E:\skillproject\node_modules\next\dist\compiled\next-server\app-page.runtime.dev.js:35:50067)
    at E:\skillproject\node_modules\next\dist\compiled\next-server\app-page.runtime.dev.js:35:58612
    at E:\skillproject\node_modules\next\dist\compiled\next-server\app-page.runtime.dev.js:35:59270
    at aN (E:\skillproject\node_modules\next\dist\compiled\next-server\app-page.runtime.dev.js:35:59278)
    at Timeout._onTimeout (E:\skillproject\node_modules\next\dist\compiled\next-server\app-page.runtime.dev.js:35:6939)
    at listOnTimeout (node:internal/timers:605:17)
    at process.processTimers (node:internal/timers:541:7)
digest: "3581677559"
 GET /roadmaps/backend-dev/be-t7 200 in 45ms
 ⨯ Internal error: Error: Element type is invalid: expected a string (for built-in components) or a class/function (for composite components) but got: undefined. You likely forgot to export your component from the file it's defined in, or you might have mixed up default and named imports.
    at aw (E:\skillproject\node_modules\next\dist\compiled\next-server\app-page.runtime.dev.js:35:46775)
    at aw (E:\skillproject\node_modules\next\dist\compiled\next-server\app-page.runtime.dev.js:35:46505)
    at a_ (E:\skillproject\node_modules\next\dist\compiled\next-server\app-page.runtime.dev.js:35:49776)
    at aj (E:\skillproject\node_modules\next\dist\compiled\next-server\app-page.runtime.dev.js:35:53793)
    at aC (E:\skillproject\node_modules\next\dist\compiled\next-server\app-page.runtime.dev.js:35:52874)
    at a_ (E:\skillproject\node_modules\next\dist\compiled\next-server\app-page.runtime.dev.js:35:50095)
    at aj (E:\skillproject\node_modules\next\dist\compiled\next-server\app-page.runtime.dev.js:35:53793)
    at E:\skillproject\node_modules\next\dist\compiled\next-server\app-page.runtime.dev.js:35:42336
    at aw (E:\skillproject\node_modules\next\dist\compiled\next-server\app-page.runtime.dev.js:35:42822)
    at a_ (E:\skillproject\node_modules\next\dist\compiled\next-server\app-page.runtime.dev.js:35:49776)
    at aj (E:\skillproject\node_modules\next\dist\compiled\next-server\app-page.runtime.dev.js:35:53793)
    at aC (E:\skillproject\node_modules\next\dist\compiled\next-server\app-page.runtime.dev.js:35:52874)
    at a_ (E:\skillproject\node_modules\next\dist\compiled\next-server\app-page.runtime.dev.js:35:50095)
    at aj (E:\skillproject\node_modules\next\dist\compiled\next-server\app-page.runtime.dev.js:35:53793)
    at E:\skillproject\node_modules\next\dist\compiled\next-server\app-page.runtime.dev.js:35:42336
    at aw (E:\skillproject\node_modules\next\dist\compiled\next-server\app-page.runtime.dev.js:35:42822)
    at a_ (E:\skillproject\node_modules\next\dist\compiled\next-server\app-page.runtime.dev.js:35:49776)
    at a_ (E:\skillproject\node_modules\next\dist\compiled\next-server\app-page.runtime.dev.js:35:50067)
    at E:\skillproject\node_modules\next\dist\compiled\next-server\app-page.runtime.dev.js:35:58612
    at E:\skillproject\node_modules\next\dist\compiled\next-server\app-page.runtime.dev.js:35:59270
    at aN (E:\skillproject\node_modules\next\dist\compiled\next-server\app-page.runtime.dev.js:35:59278)
    at Timeout._onTimeout (E:\skillproject\node_modules\next\dist\compiled\next-server\app-page.runtime.dev.js:35:6939)
    at listOnTimeout (node:internal/timers:605:17)
    at process.processTimers (node:internal/timers:541:7)
digest: "3581677559"
 GET /roadmaps/backend-dev/be-t8 200 in 60ms
 ⨯ Internal error: Error: Element type is invalid: expected a string (for built-in components) or a class/function (for composite components) but got: undefined. You likely forgot to export your component from the file it's defined in, or you might have mixed up default and named imports.
    at aw (E:\skillproject\node_modules\next\dist\compiled\next-server\app-page.runtime.dev.js:35:46775)
    at aw (E:\skillproject\node_modules\next\dist\compiled\next-server\app-page.runtime.dev.js:35:46505)
    at a_ (E:\skillproject\node_modules\next\dist\compiled\next-server\app-page.runtime.dev.js:35:49776)
    at aj (E:\skillproject\node_modules\next\dist\compiled\next-server\app-page.runtime.dev.js:35:53793)
    at aC (E:\skillproject\node_modules\next\dist\compiled\next-server\app-page.runtime.dev.js:35:52874)
    at a_ (E:\skillproject\node_modules\next\dist\compiled\next-server\app-page.runtime.dev.js:35:50095)
    at aj (E:\skillproject\node_modules\next\dist\compiled\next-server\app-page.runtime.dev.js:35:53793)
    at E:\skillproject\node_modules\next\dist\compiled\next-server\app-page.runtime.dev.js:35:42336
    at aw (E:\skillproject\node_modules\next\dist\compiled\next-server\app-page.runtime.dev.js:35:42822)
    at a_ (E:\skillproject\node_modules\next\dist\compiled\next-server\app-page.runtime.dev.js:35:49776)
    at aj (E:\skillproject\node_modules\next\dist\compiled\next-server\app-page.runtime.dev.js:35:53793)
    at aC (E:\skillproject\node_modules\next\dist\compiled\next-server\app-page.runtime.dev.js:35:52874)
    at a_ (E:\skillproject\node_modules\next\dist\compiled\next-server\app-page.runtime.dev.js:35:50095)
    at aj (E:\skillproject\node_modules\next\dist\compiled\next-server\app-page.runtime.dev.js:35:53793)
    at E:\skillproject\node_modules\next\dist\compiled\next-server\app-page.runtime.dev.js:35:42336
    at aw (E:\skillproject\node_modules\next\dist\compiled\next-server\app-page.runtime.dev.js:35:42822)
    at a_ (E:\skillproject\node_modules\next\dist\compiled\next-server\app-page.runtime.dev.js:35:49776)
    at a_ (E:\skillproject\node_modules\next\dist\compiled\next-server\app-page.runtime.dev.js:35:50067)
    at E:\skillproject\node_modules\next\dist\compiled\next-server\app-page.runtime.dev.js:35:58612
    at E:\skillproject\node_modules\next\dist\compiled\next-server\app-page.runtime.dev.js:35:59270
    at aN (E:\skillproject\node_modules\next\dist\compiled\next-server\app-page.runtime.dev.js:35:59278)
    at Timeout._onTimeout (E:\skillproject\node_modules\next\dist\compiled\next-server\app-page.runtime.dev.js:35:6939)
    at listOnTimeout (node:internal/timers:605:17)
    at process.processTimers (node:internal/timers:541:7)
digest: "3581677559"
 GET /roadmaps/backend-dev/be-t9 200 in 32ms
 ⨯ Internal error: Error: Element type is invalid: expected a string (for built-in components) or a class/function (for composite components) but got: undefined. You likely forgot to export your component from the file it's defined in, or you might have mixed up default and named imports.
    at aw (E:\skillproject\node_modules\next\dist\compiled\next-server\app-page.runtime.dev.js:35:46775)
    at aw (E:\skillproject\node_modules\next\dist\compiled\next-server\app-page.runtime.dev.js:35:46505)
    at a_ (E:\skillproject\node_modules\next\dist\compiled\next-server\app-page.runtime.dev.js:35:49776)
    at aj (E:\skillproject\node_modules\next\dist\compiled\next-server\app-page.runtime.dev.js:35:53793)
    at aC (E:\skillproject\node_modules\next\dist\compiled\next-server\app-page.runtime.dev.js:35:52874)
    at a_ (E:\skillproject\node_modules\next\dist\compiled\next-server\app-page.runtime.dev.js:35:50095)
    at aj (E:\skillproject\node_modules\next\dist\compiled\next-server\app-page.runtime.dev.js:35:53793)
    at E:\skillproject\node_modules\next\dist\compiled\next-server\app-page.runtime.dev.js:35:42336
    at aw (E:\skillproject\node_modules\next\dist\compiled\next-server\app-page.runtime.dev.js:35:42822)
    at a_ (E:\skillproject\node_modules\next\dist\compiled\next-server\app-page.runtime.dev.js:35:49776)
    at aj (E:\skillproject\node_modules\next\dist\compiled\next-server\app-page.runtime.dev.js:35:53793)
    at aC (E:\skillproject\node_modules\next\dist\compiled\next-server\app-page.runtime.dev.js:35:52874)
    at a_ (E:\skillproject\node_modules\next\dist\compiled\next-server\app-page.runtime.dev.js:35:50095)
    at aj (E:\skillproject\node_modules\next\dist\compiled\next-server\app-page.runtime.dev.js:35:53793)
    at E:\skillproject\node_modules\next\dist\compiled\next-server\app-page.runtime.dev.js:35:42336
    at aw (E:\skillproject\node_modules\next\dist\compiled\next-server\app-page.runtime.dev.js:35:42822)
    at a_ (E:\skillproject\node_modules\next\dist\compiled\next-server\app-page.runtime.dev.js:35:49776)
    at a_ (E:\skillproject\node_modules\next\dist\compiled\next-server\app-page.runtime.dev.js:35:50067)
    at E:\skillproject\node_modules\next\dist\compiled\next-server\app-page.runtime.dev.js:35:58612
    at E:\skillproject\node_modules\next\dist\compiled\next-server\app-page.runtime.dev.js:35:59270
    at aN (E:\skillproject\node_modules\next\dist\compiled\next-server\app-page.runtime.dev.js:35:59278)
    at Timeout._onTimeout (E:\skillproject\node_modules\next\dist\compiled\next-server\app-page.runtime.dev.js:35:6939)
    at listOnTimeout (node:internal/timers:605:17)
    at process.processTimers (node:internal/timers:541:7)
digest: "3581677559"
 GET /roadmaps/data-analyst/da-t1 200 in 45ms
 ⨯ Internal error: Error: Element type is invalid: expected a string (for built-in components) or a class/function (for composite components) but got: undefined. You likely forgot to export your component from the file it's defined in, or you might have mixed up default and named imports.
    at aw (E:\skillproject\node_modules\next\dist\compiled\next-server\app-page.runtime.dev.js:35:46775)
    at aw (E:\skillproject\node_modules\next\dist\compiled\next-server\app-page.runtime.dev.js:35:46505)
    at a_ (E:\skillproject\node_modules\next\dist\compiled\next-server\app-page.runtime.dev.js:35:49776)
    at aj (E:\skillproject\node_modules\next\dist\compiled\next-server\app-page.runtime.dev.js:35:53793)
    at aC (E:\skillproject\node_modules\next\dist\compiled\next-server\app-page.runtime.dev.js:35:52874)
    at a_ (E:\skillproject\node_modules\next\dist\compiled\next-server\app-page.runtime.dev.js:35:50095)
    at aj (E:\skillproject\node_modules\next\dist\compiled\next-server\app-page.runtime.dev.js:35:53793)
    at E:\skillproject\node_modules\next\dist\compiled\next-server\app-page.runtime.dev.js:35:42336
    at aw (E:\skillproject\node_modules\next\dist\compiled\next-server\app-page.runtime.dev.js:35:42822)
    at a_ (E:\skillproject\node_modules\next\dist\compiled\next-server\app-page.runtime.dev.js:35:49776)
    at aj (E:\skillproject\node_modules\next\dist\compiled\next-server\app-page.runtime.dev.js:35:53793)
    at aC (E:\skillproject\node_modules\next\dist\compiled\next-server\app-page.runtime.dev.js:35:52874)
    at a_ (E:\skillproject\node_modules\next\dist\compiled\next-server\app-page.runtime.dev.js:35:50095)
    at aj (E:\skillproject\node_modules\next\dist\compiled\next-server\app-page.runtime.dev.js:35:53793)
    at E:\skillproject\node_modules\next\dist\compiled\next-server\app-page.runtime.dev.js:35:42336
    at aw (E:\skillproject\node_modules\next\dist\compiled\next-server\app-page.runtime.dev.js:35:42822)
    at a_ (E:\skillproject\node_modules\next\dist\compiled\next-server\app-page.runtime.dev.js:35:49776)
    at a_ (E:\skillproject\node_modules\next\dist\compiled\next-server\app-page.runtime.dev.js:35:50067)
    at E:\skillproject\node_modules\next\dist\compiled\next-server\app-page.runtime.dev.js:35:58612
    at E:\skillproject\node_modules\next\dist\compiled\next-server\app-page.runtime.dev.js:35:59270
    at aN (E:\skillproject\node_modules\next\dist\compiled\next-server\app-page.runtime.dev.js:35:59278)
    at Timeout._onTimeout (E:\skillproject\node_modules\next\dist\compiled\next-server\app-page.runtime.dev.js:35:6939)
    at listOnTimeout (node:internal/timers:605:17)
    at process.processTimers (node:internal/timers:541:7)
digest: "3581677559"
 GET /roadmaps/data-analyst/da-t2 200 in 44ms
 ⨯ Internal error: Error: Element type is invalid: expected a string (for built-in components) or a class/function (for composite components) but got: undefined. You likely forgot to export your component from the file it's defined in, or you might have mixed up default and named imports.
    at aw (E:\skillproject\node_modules\next\dist\compiled\next-server\app-page.runtime.dev.js:35:46775)
    at aw (E:\skillproject\node_modules\next\dist\compiled\next-server\app-page.runtime.dev.js:35:46505)
    at a_ (E:\skillproject\node_modules\next\dist\compiled\next-server\app-page.runtime.dev.js:35:49776)
    at aj (E:\skillproject\node_modules\next\dist\compiled\next-server\app-page.runtime.dev.js:35:53793)
    at aC (E:\skillproject\node_modules\next\dist\compiled\next-server\app-page.runtime.dev.js:35:52874)
    at a_ (E:\skillproject\node_modules\next\dist\compiled\next-server\app-page.runtime.dev.js:35:50095)
    at aj (E:\skillproject\node_modules\next\dist\compiled\next-server\app-page.runtime.dev.js:35:53793)
    at E:\skillproject\node_modules\next\dist\compiled\next-server\app-page.runtime.dev.js:35:42336
    at aw (E:\skillproject\node_modules\next\dist\compiled\next-server\app-page.runtime.dev.js:35:42822)
    at a_ (E:\skillproject\node_modules\next\dist\compiled\next-server\app-page.runtime.dev.js:35:49776)
    at aj (E:\skillproject\node_modules\next\dist\compiled\next-server\app-page.runtime.dev.js:35:53793)
    at aC (E:\skillproject\node_modules\next\dist\compiled\next-server\app-page.runtime.dev.js:35:52874)
    at a_ (E:\skillproject\node_modules\next\dist\compiled\next-server\app-page.runtime.dev.js:35:50095)
    at aj (E:\skillproject\node_modules\next\dist\compiled\next-server\app-page.runtime.dev.js:35:53793)
    at E:\skillproject\node_modules\next\dist\compiled\next-server\app-page.runtime.dev.js:35:42336
    at aw (E:\skillproject\node_modules\next\dist\compiled\next-server\app-page.runtime.dev.js:35:42822)
    at a_ (E:\skillproject\node_modules\next\dist\compiled\next-server\app-page.runtime.dev.js:35:49776)
    at a_ (E:\skillproject\node_modules\next\dist\compiled\next-server\app-page.runtime.dev.js:35:50067)
    at E:\skillproject\node_modules\next\dist\compiled\next-server\app-page.runtime.dev.js:35:58612
    at E:\skillproject\node_modules\next\dist\compiled\next-server\app-page.runtime.dev.js:35:59270
    at aN (E:\skillproject\node_modules\next\dist\compiled\next-server\app-page.runtime.dev.js:35:59278)
    at Timeout._onTimeout (E:\skillproject\node_modules\next\dist\compiled\next-server\app-page.runtime.dev.js:35:6939)
    at listOnTimeout (node:internal/timers:605:17)
    at process.processTimers (node:internal/timers:541:7)
digest: "3581677559"
 GET /roadmaps/data-analyst/da-t3 200 in 38ms
 ⨯ Internal error: Error: Element type is invalid: expected a string (for built-in components) or a class/function (for composite components) but got: undefined. You likely forgot to export your component from the file it's defined in, or you might have mixed up default and named imports.
    at aw (E:\skillproject\node_modules\next\dist\compiled\next-server\app-page.runtime.dev.js:35:46775)
    at aw (E:\skillproject\node_modules\next\dist\compiled\next-server\app-page.runtime.dev.js:35:46505)
    at a_ (E:\skillproject\node_modules\next\dist\compiled\next-server\app-page.runtime.dev.js:35:49776)
    at aj (E:\skillproject\node_modules\next\dist\compiled\next-server\app-page.runtime.dev.js:35:53793)
    at aC (E:\skillproject\node_modules\next\dist\compiled\next-server\app-page.runtime.dev.js:35:52874)
    at a_ (E:\skillproject\node_modules\next\dist\compiled\next-server\app-page.runtime.dev.js:35:50095)
    at aj (E:\skillproject\node_modules\next\dist\compiled\next-server\app-page.runtime.dev.js:35:53793)
    at E:\skillproject\node_modules\next\dist\compiled\next-server\app-page.runtime.dev.js:35:42336
    at aw (E:\skillproject\node_modules\next\dist\compiled\next-server\app-page.runtime.dev.js:35:42822)
    at a_ (E:\skillproject\node_modules\next\dist\compiled\next-server\app-page.runtime.dev.js:35:49776)
    at aj (E:\skillproject\node_modules\next\dist\compiled\next-server\app-page.runtime.dev.js:35:53793)
    at aC (E:\skillproject\node_modules\next\dist\compiled\next-server\app-page.runtime.dev.js:35:52874)
    at a_ (E:\skillproject\node_modules\next\dist\compiled\next-server\app-page.runtime.dev.js:35:50095)
    at aj (E:\skillproject\node_modules\next\dist\compiled\next-server\app-page.runtime.dev.js:35:53793)
    at E:\skillproject\node_modules\next\dist\compiled\next-server\app-page.runtime.dev.js:35:42336
    at aw (E:\skillproject\node_modules\next\dist\compiled\next-server\app-page.runtime.dev.js:35:42822)
    at a_ (E:\skillproject\node_modules\next\dist\compiled\next-server\app-page.runtime.dev.js:35:49776)
    at a_ (E:\skillproject\node_modules\next\dist\compiled\next-server\app-page.runtime.dev.js:35:50067)
    at E:\skillproject\node_modules\next\dist\compiled\next-server\app-page.runtime.dev.js:35:58612
    at E:\skillproject\node_modules\next\dist\compiled\next-server\app-page.runtime.dev.js:35:59270
    at aN (E:\skillproject\node_modules\next\dist\compiled\next-server\app-page.runtime.dev.js:35:59278)
    at Timeout._onTimeout (E:\skillproject\node_modules\next\dist\compiled\next-server\app-page.runtime.dev.js:35:6939)
    at listOnTimeout (node:internal/timers:605:17)
    at process.processTimers (node:internal/timers:541:7)
digest: "3581677559"
 GET /roadmaps/data-analyst/da-t4 200 in 51ms
 ⨯ Internal error: Error: Element type is invalid: expected a string (for built-in components) or a class/function (for composite components) but got: undefined. You likely forgot to export your component from the file it's defined in, or you might have mixed up default and named imports.
    at aw (E:\skillproject\node_modules\next\dist\compiled\next-server\app-page.runtime.dev.js:35:46775)
    at aw (E:\skillproject\node_modules\next\dist\compiled\next-server\app-page.runtime.dev.js:35:46505)
    at a_ (E:\skillproject\node_modules\next\dist\compiled\next-server\app-page.runtime.dev.js:35:49776)
    at aj (E:\skillproject\node_modules\next\dist\compiled\next-server\app-page.runtime.dev.js:35:53793)
    at aC (E:\skillproject\node_modules\next\dist\compiled\next-server\app-page.runtime.dev.js:35:52874)
    at a_ (E:\skillproject\node_modules\next\dist\compiled\next-server\app-page.runtime.dev.js:35:50095)
    at aj (E:\skillproject\node_modules\next\dist\compiled\next-server\app-page.runtime.dev.js:35:53793)
    at E:\skillproject\node_modules\next\dist\compiled\next-server\app-page.runtime.dev.js:35:42336
    at aw (E:\skillproject\node_modules\next\dist\compiled\next-server\app-page.runtime.dev.js:35:42822)
    at a_ (E:\skillproject\node_modules\next\dist\compiled\next-server\app-page.runtime.dev.js:35:49776)
    at aj (E:\skillproject\node_modules\next\dist\compiled\next-server\app-page.runtime.dev.js:35:53793)
    at aC (E:\skillproject\node_modules\next\dist\compiled\next-server\app-page.runtime.dev.js:35:52874)
    at a_ (E:\skillproject\node_modules\next\dist\compiled\next-server\app-page.runtime.dev.js:35:50095)
    at aj (E:\skillproject\node_modules\next\dist\compiled\next-server\app-page.runtime.dev.js:35:53793)
    at E:\skillproject\node_modules\next\dist\compiled\next-server\app-page.runtime.dev.js:35:42336
    at aw (E:\skillproject\node_modules\next\dist\compiled\next-server\app-page.runtime.dev.js:35:42822)
    at a_ (E:\skillproject\node_modules\next\dist\compiled\next-server\app-page.runtime.dev.js:35:49776)
    at a_ (E:\skillproject\node_modules\next\dist\compiled\next-server\app-page.runtime.dev.js:35:50067)
    at E:\skillproject\node_modules\next\dist\compiled\next-server\app-page.runtime.dev.js:35:58612
    at E:\skillproject\node_modules\next\dist\compiled\next-server\app-page.runtime.dev.js:35:59270
    at aN (E:\skillproject\node_modules\next\dist\compiled\next-server\app-page.runtime.dev.js:35:59278)
    at Timeout._onTimeout (E:\skillproject\node_modules\next\dist\compiled\next-server\app-page.runtime.dev.js:35:6939)
    at listOnTimeout (node:internal/timers:605:17)
    at process.processTimers (node:internal/timers:541:7)
digest: "3581677559"
 GET /roadmaps/data-analyst/da-t5 200 in 35ms
 ⨯ Internal error: Error: Element type is invalid: expected a string (for built-in components) or a class/function (for composite components) but got: undefined. You likely forgot to export your component from the file it's defined in, or you might have mixed up default and named imports.
    at aw (E:\skillproject\node_modules\next\dist\compiled\next-server\app-page.runtime.dev.js:35:46775)
    at aw (E:\skillproject\node_modules\next\dist\compiled\next-server\app-page.runtime.dev.js:35:46505)
    at a_ (E:\skillproject\node_modules\next\dist\compiled\next-server\app-page.runtime.dev.js:35:49776)
    at aj (E:\skillproject\node_modules\next\dist\compiled\next-server\app-page.runtime.dev.js:35:53793)
    at aC (E:\skillproject\node_modules\next\dist\compiled\next-server\app-page.runtime.dev.js:35:52874)
    at a_ (E:\skillproject\node_modules\next\dist\compiled\next-server\app-page.runtime.dev.js:35:50095)
    at aj (E:\skillproject\node_modules\next\dist\compiled\next-server\app-page.runtime.dev.js:35:53793)
    at E:\skillproject\node_modules\next\dist\compiled\next-server\app-page.runtime.dev.js:35:42336
    at aw (E:\skillproject\node_modules\next\dist\compiled\next-server\app-page.runtime.dev.js:35:42822)
    at a_ (E:\skillproject\node_modules\next\dist\compiled\next-server\app-page.runtime.dev.js:35:49776)
    at aj (E:\skillproject\node_modules\next\dist\compiled\next-server\app-page.runtime.dev.js:35:53793)
    at aC (E:\skillproject\node_modules\next\dist\compiled\next-server\app-page.runtime.dev.js:35:52874)
    at a_ (E:\skillproject\node_modules\next\dist\compiled\next-server\app-page.runtime.dev.js:35:50095)
    at aj (E:\skillproject\node_modules\next\dist\compiled\next-server\app-page.runtime.dev.js:35:53793)
    at E:\skillproject\node_modules\next\dist\compiled\next-server\app-page.runtime.dev.js:35:42336
    at aw (E:\skillproject\node_modules\next\dist\compiled\next-server\app-page.runtime.dev.js:35:42822)
    at a_ (E:\skillproject\node_modules\next\dist\compiled\next-server\app-page.runtime.dev.js:35:49776)
    at a_ (E:\skillproject\node_modules\next\dist\compiled\next-server\app-page.runtime.dev.js:35:50067)
    at E:\skillproject\node_modules\next\dist\compiled\next-server\app-page.runtime.dev.js:35:58612
    at E:\skillproject\node_modules\next\dist\compiled\next-server\app-page.runtime.dev.js:35:59270
    at aN (E:\skillproject\node_modules\next\dist\compiled\next-server\app-page.runtime.dev.js:35:59278)
    at Timeout._onTimeout (E:\skillproject\node_modules\next\dist\compiled\next-server\app-page.runtime.dev.js:35:6939)
    at listOnTimeout (node:internal/timers:605:17)
    at process.processTimers (node:internal/timers:541:7)
digest: "3581677559"
 GET /roadmaps/data-analyst/da-t6 200 in 56ms
 ⨯ Internal error: Error: Element type is invalid: expected a string (for built-in components) or a class/function (for composite components) but got: undefined. You likely forgot to export your component from the file it's defined in, or you might have mixed up default and named imports.
    at aw (E:\skillproject\node_modules\next\dist\compiled\next-server\app-page.runtime.dev.js:35:46775)
    at aw (E:\skillproject\node_modules\next\dist\compiled\next-server\app-page.runtime.dev.js:35:46505)
    at a_ (E:\skillproject\node_modules\next\dist\compiled\next-server\app-page.runtime.dev.js:35:49776)
    at aj (E:\skillproject\node_modules\next\dist\compiled\next-server\app-page.runtime.dev.js:35:53793)
    at aC (E:\skillproject\node_modules\next\dist\compiled\next-server\app-page.runtime.dev.js:35:52874)
    at a_ (E:\skillproject\node_modules\next\dist\compiled\next-server\app-page.runtime.dev.js:35:50095)
    at aj (E:\skillproject\node_modules\next\dist\compiled\next-server\app-page.runtime.dev.js:35:53793)
    at E:\skillproject\node_modules\next\dist\compiled\next-server\app-page.runtime.dev.js:35:42336
    at aw (E:\skillproject\node_modules\next\dist\compiled\next-server\app-page.runtime.dev.js:35:42822)
    at a_ (E:\skillproject\node_modules\next\dist\compiled\next-server\app-page.runtime.dev.js:35:49776)
    at aj (E:\skillproject\node_modules\next\dist\compiled\next-server\app-page.runtime.dev.js:35:53793)
    at aC (E:\skillproject\node_modules\next\dist\compiled\next-server\app-page.runtime.dev.js:35:52874)
    at a_ (E:\skillproject\node_modules\next\dist\compiled\next-server\app-page.runtime.dev.js:35:50095)
    at aj (E:\skillproject\node_modules\next\dist\compiled\next-server\app-page.runtime.dev.js:35:53793)
    at E:\skillproject\node_modules\next\dist\compiled\next-server\app-page.runtime.dev.js:35:42336
    at aw (E:\skillproject\node_modules\next\dist\compiled\next-server\app-page.runtime.dev.js:35:42822)
    at a_ (E:\skillproject\node_modules\next\dist\compiled\next-server\app-page.runtime.dev.js:35:49776)
    at a_ (E:\skillproject\node_modules\next\dist\compiled\next-server\app-page.runtime.dev.js:35:50067)
    at E:\skillproject\node_modules\next\dist\compiled\next-server\app-page.runtime.dev.js:35:58612
    at E:\skillproject\node_modules\next\dist\compiled\next-server\app-page.runtime.dev.js:35:59270
    at aN (E:\skillproject\node_modules\next\dist\compiled\next-server\app-page.runtime.dev.js:35:59278)
    at Timeout._onTimeout (E:\skillproject\node_modules\next\dist\compiled\next-server\app-page.runtime.dev.js:35:6939)
    at listOnTimeout (node:internal/timers:605:17)
    at process.processTimers (node:internal/timers:541:7)
digest: "3581677559"
 GET /roadmaps/data-analyst/da-t7 200 in 73ms
 ⨯ Internal error: Error: Element type is invalid: expected a string (for built-in components) or a class/function (for composite components) but got: undefined. You likely forgot to export your component from the file it's defined in, or you might have mixed up default and named imports.
    at aw (E:\skillproject\node_modules\next\dist\compiled\next-server\app-page.runtime.dev.js:35:46775)
    at aw (E:\skillproject\node_modules\next\dist\compiled\next-server\app-page.runtime.dev.js:35:46505)
    at a_ (E:\skillproject\node_modules\next\dist\compiled\next-server\app-page.runtime.dev.js:35:49776)
    at aj (E:\skillproject\node_modules\next\dist\compiled\next-server\app-page.runtime.dev.js:35:53793)
    at aC (E:\skillproject\node_modules\next\dist\compiled\next-server\app-page.runtime.dev.js:35:52874)
    at a_ (E:\skillproject\node_modules\next\dist\compiled\next-server\app-page.runtime.dev.js:35:50095)
    at aj (E:\skillproject\node_modules\next\dist\compiled\next-server\app-page.runtime.dev.js:35:53793)
    at E:\skillproject\node_modules\next\dist\compiled\next-server\app-page.runtime.dev.js:35:42336
    at aw (E:\skillproject\node_modules\next\dist\compiled\next-server\app-page.runtime.dev.js:35:42822)
    at a_ (E:\skillproject\node_modules\next\dist\compiled\next-server\app-page.runtime.dev.js:35:49776)
    at aj (E:\skillproject\node_modules\next\dist\compiled\next-server\app-page.runtime.dev.js:35:53793)
    at aC (E:\skillproject\node_modules\next\dist\compiled\next-server\app-page.runtime.dev.js:35:52874)
    at a_ (E:\skillproject\node_modules\next\dist\compiled\next-server\app-page.runtime.dev.js:35:50095)
    at aj (E:\skillproject\node_modules\next\dist\compiled\next-server\app-page.runtime.dev.js:35:53793)
    at E:\skillproject\node_modules\next\dist\compiled\next-server\app-page.runtime.dev.js:35:42336
    at aw (E:\skillproject\node_modules\next\dist\compiled\next-server\app-page.runtime.dev.js:35:42822)
    at a_ (E:\skillproject\node_modules\next\dist\compiled\next-server\app-page.runtime.dev.js:35:49776)
    at a_ (E:\skillproject\node_modules\next\dist\compiled\next-server\app-page.runtime.dev.js:35:50067)
    at E:\skillproject\node_modules\next\dist\compiled\next-server\app-page.runtime.dev.js:35:58612
    at E:\skillproject\node_modules\next\dist\compiled\next-server\app-page.runtime.dev.js:35:59270
    at aN (E:\skillproject\node_modules\next\dist\compiled\next-server\app-page.runtime.dev.js:35:59278)
    at Timeout._onTimeout (E:\skillproject\node_modules\next\dist\compiled\next-server\app-page.runtime.dev.js:35:6939)
    at listOnTimeout (node:internal/timers:605:17)
    at process.processTimers (node:internal/timers:541:7)
digest: "3581677559"
 GET /roadmaps/data-analyst/da-t8 200 in 59ms
 ⨯ Internal error: Error: Element type is invalid: expected a string (for built-in components) or a class/function (for composite components) but got: undefined. You likely forgot to export your component from the file it's defined in, or you might have mixed up default and named imports.
    at aw (E:\skillproject\node_modules\next\dist\compiled\next-server\app-page.runtime.dev.js:35:46775)
    at aw (E:\skillproject\node_modules\next\dist\compiled\next-server\app-page.runtime.dev.js:35:46505)
    at a_ (E:\skillproject\node_modules\next\dist\compiled\next-server\app-page.runtime.dev.js:35:49776)
    at aj (E:\skillproject\node_modules\next\dist\compiled\next-server\app-page.runtime.dev.js:35:53793)
    at aC (E:\skillproject\node_modules\next\dist\compiled\next-server\app-page.runtime.dev.js:35:52874)
    at a_ (E:\skillproject\node_modules\next\dist\compiled\next-server\app-page.runtime.dev.js:35:50095)
    at aj (E:\skillproject\node_modules\next\dist\compiled\next-server\app-page.runtime.dev.js:35:53793)
    at E:\skillproject\node_modules\next\dist\compiled\next-server\app-page.runtime.dev.js:35:42336
    at aw (E:\skillproject\node_modules\next\dist\compiled\next-server\app-page.runtime.dev.js:35:42822)
    at a_ (E:\skillproject\node_modules\next\dist\compiled\next-server\app-page.runtime.dev.js:35:49776)
    at aj (E:\skillproject\node_modules\next\dist\compiled\next-server\app-page.runtime.dev.js:35:53793)
    at aC (E:\skillproject\node_modules\next\dist\compiled\next-server\app-page.runtime.dev.js:35:52874)
    at a_ (E:\skillproject\node_modules\next\dist\compiled\next-server\app-page.runtime.dev.js:35:50095)
    at aj (E:\skillproject\node_modules\next\dist\compiled\next-server\app-page.runtime.dev.js:35:53793)
    at E:\skillproject\node_modules\next\dist\compiled\next-server\app-page.runtime.dev.js:35:42336
    at aw (E:\skillproject\node_modules\next\dist\compiled\next-server\app-page.runtime.dev.js:35:42822)
    at a_ (E:\skillproject\node_modules\next\dist\compiled\next-server\app-page.runtime.dev.js:35:49776)
    at a_ (E:\skillproject\node_modules\next\dist\compiled\next-server\app-page.runtime.dev.js:35:50067)
    at E:\skillproject\node_modules\next\dist\compiled\next-server\app-page.runtime.dev.js:35:58612
    at E:\skillproject\node_modules\next\dist\compiled\next-server\app-page.runtime.dev.js:35:59270
    at aN (E:\skillproject\node_modules\next\dist\compiled\next-server\app-page.runtime.dev.js:35:59278)
    at Timeout._onTimeout (E:\skillproject\node_modules\next\dist\compiled\next-server\app-page.runtime.dev.js:35:6939)
    at listOnTimeout (node:internal/timers:605:17)
    at process.processTimers (node:internal/timers:541:7)
digest: "3581677559"
 GET /roadmaps/frontend-dev/fe-t1 200 in 70ms
 ⨯ Internal error: Error: Element type is invalid: expected a string (for built-in components) or a class/function (for composite components) but got: undefined. You likely forgot to export your component from the file it's defined in, or you might have mixed up default and named imports.
    at aw (E:\skillproject\node_modules\next\dist\compiled\next-server\app-page.runtime.dev.js:35:46775)
    at aw (E:\skillproject\node_modules\next\dist\compiled\next-server\app-page.runtime.dev.js:35:46505)
    at a_ (E:\skillproject\node_modules\next\dist\compiled\next-server\app-page.runtime.dev.js:35:49776)
    at aj (E:\skillproject\node_modules\next\dist\compiled\next-server\app-page.runtime.dev.js:35:53793)
    at aC (E:\skillproject\node_modules\next\dist\compiled\next-server\app-page.runtime.dev.js:35:52874)
    at a_ (E:\skillproject\node_modules\next\dist\compiled\next-server\app-page.runtime.dev.js:35:50095)
    at aj (E:\skillproject\node_modules\next\dist\compiled\next-server\app-page.runtime.dev.js:35:53793)
    at E:\skillproject\node_modules\next\dist\compiled\next-server\app-page.runtime.dev.js:35:42336
    at aw (E:\skillproject\node_modules\next\dist\compiled\next-server\app-page.runtime.dev.js:35:42822)
    at a_ (E:\skillproject\node_modules\next\dist\compiled\next-server\app-page.runtime.dev.js:35:49776)
    at aj (E:\skillproject\node_modules\next\dist\compiled\next-server\app-page.runtime.dev.js:35:53793)
    at aC (E:\skillproject\node_modules\next\dist\compiled\next-server\app-page.runtime.dev.js:35:52874)
    at a_ (E:\skillproject\node_modules\next\dist\compiled\next-server\app-page.runtime.dev.js:35:50095)
    at aj (E:\skillproject\node_modules\next\dist\compiled\next-server\app-page.runtime.dev.js:35:53793)
    at E:\skillproject\node_modules\next\dist\compiled\next-server\app-page.runtime.dev.js:35:42336
    at aw (E:\skillproject\node_modules\next\dist\compiled\next-server\app-page.runtime.dev.js:35:42822)
    at a_ (E:\skillproject\node_modules\next\dist\compiled\next-server\app-page.runtime.dev.js:35:49776)
    at a_ (E:\skillproject\node_modules\next\dist\compiled\next-server\app-page.runtime.dev.js:35:50067)
    at E:\skillproject\node_modules\next\dist\compiled\next-server\app-page.runtime.dev.js:35:58612
    at E:\skillproject\node_modules\next\dist\compiled\next-server\app-page.runtime.dev.js:35:59270
    at aN (E:\skillproject\node_modules\next\dist\compiled\next-server\app-page.runtime.dev.js:35:59278)
    at Timeout._onTimeout (E:\skillproject\node_modules\next\dist\compiled\next-server\app-page.runtime.dev.js:35:6939)
    at listOnTimeout (node:internal/timers:605:17)
    at process.processTimers (node:internal/timers:541:7)
digest: "3581677559"
 GET /roadmaps/frontend-dev/fe-t10 200 in 47ms
 ⨯ Internal error: Error: Element type is invalid: expected a string (for built-in components) or a class/function (for composite components) but got: undefined. You likely forgot to export your component from the file it's defined in, or you might have mixed up default and named imports.
    at aw (E:\skillproject\node_modules\next\dist\compiled\next-server\app-page.runtime.dev.js:35:46775)
    at aw (E:\skillproject\node_modules\next\dist\compiled\next-server\app-page.runtime.dev.js:35:46505)
    at a_ (E:\skillproject\node_modules\next\dist\compiled\next-server\app-page.runtime.dev.js:35:49776)
    at aj (E:\skillproject\node_modules\next\dist\compiled\next-server\app-page.runtime.dev.js:35:53793)
    at aC (E:\skillproject\node_modules\next\dist\compiled\next-server\app-page.runtime.dev.js:35:52874)
    at a_ (E:\skillproject\node_modules\next\dist\compiled\next-server\app-page.runtime.dev.js:35:50095)
    at aj (E:\skillproject\node_modules\next\dist\compiled\next-server\app-page.runtime.dev.js:35:53793)
    at E:\skillproject\node_modules\next\dist\compiled\next-server\app-page.runtime.dev.js:35:42336
    at aw (E:\skillproject\node_modules\next\dist\compiled\next-server\app-page.runtime.dev.js:35:42822)
    at a_ (E:\skillproject\node_modules\next\dist\compiled\next-server\app-page.runtime.dev.js:35:49776)
    at aj (E:\skillproject\node_modules\next\dist\compiled\next-server\app-page.runtime.dev.js:35:53793)
    at aC (E:\skillproject\node_modules\next\dist\compiled\next-server\app-page.runtime.dev.js:35:52874)
    at a_ (E:\skillproject\node_modules\next\dist\compiled\next-server\app-page.runtime.dev.js:35:50095)
    at aj (E:\skillproject\node_modules\next\dist\compiled\next-server\app-page.runtime.dev.js:35:53793)
    at E:\skillproject\node_modules\next\dist\compiled\next-server\app-page.runtime.dev.js:35:42336
    at aw (E:\skillproject\node_modules\next\dist\compiled\next-server\app-page.runtime.dev.js:35:42822)
    at a_ (E:\skillproject\node_modules\next\dist\compiled\next-server\app-page.runtime.dev.js:35:49776)
    at a_ (E:\skillproject\node_modules\next\dist\compiled\next-server\app-page.runtime.dev.js:35:50067)
    at E:\skillproject\node_modules\next\dist\compiled\next-server\app-page.runtime.dev.js:35:58612
    at E:\skillproject\node_modules\next\dist\compiled\next-server\app-page.runtime.dev.js:35:59270
    at aN (E:\skillproject\node_modules\next\dist\compiled\next-server\app-page.runtime.dev.js:35:59278)
    at Timeout._onTimeout (E:\skillproject\node_modules\next\dist\compiled\next-server\app-page.runtime.dev.js:35:6939)
    at listOnTimeout (node:internal/timers:605:17)
    at process.processTimers (node:internal/timers:541:7)
digest: "3581677559"
 GET /roadmaps/frontend-dev/fe-t11 200 in 71ms
 ⨯ Internal error: Error: Element type is invalid: expected a string (for built-in components) or a class/function (for composite components) but got: undefined. You likely forgot to export your component from the file it's defined in, or you might have mixed up default and named imports.
    at aw (E:\skillproject\node_modules\next\dist\compiled\next-server\app-page.runtime.dev.js:35:46775)
    at aw (E:\skillproject\node_modules\next\dist\compiled\next-server\app-page.runtime.dev.js:35:46505)
    at a_ (E:\skillproject\node_modules\next\dist\compiled\next-server\app-page.runtime.dev.js:35:49776)
    at aj (E:\skillproject\node_modules\next\dist\compiled\next-server\app-page.runtime.dev.js:35:53793)
    at aC (E:\skillproject\node_modules\next\dist\compiled\next-server\app-page.runtime.dev.js:35:52874)
    at a_ (E:\skillproject\node_modules\next\dist\compiled\next-server\app-page.runtime.dev.js:35:50095)
    at aj (E:\skillproject\node_modules\next\dist\compiled\next-server\app-page.runtime.dev.js:35:53793)
    at E:\skillproject\node_modules\next\dist\compiled\next-server\app-page.runtime.dev.js:35:42336
    at aw (E:\skillproject\node_modules\next\dist\compiled\next-server\app-page.runtime.dev.js:35:42822)
    at a_ (E:\skillproject\node_modules\next\dist\compiled\next-server\app-page.runtime.dev.js:35:49776)
    at aj (E:\skillproject\node_modules\next\dist\compiled\next-server\app-page.runtime.dev.js:35:53793)
    at aC (E:\skillproject\node_modules\next\dist\compiled\next-server\app-page.runtime.dev.js:35:52874)
    at a_ (E:\skillproject\node_modules\next\dist\compiled\next-server\app-page.runtime.dev.js:35:50095)
    at aj (E:\skillproject\node_modules\next\dist\compiled\next-server\app-page.runtime.dev.js:35:53793)
    at E:\skillproject\node_modules\next\dist\compiled\next-server\app-page.runtime.dev.js:35:42336
    at aw (E:\skillproject\node_modules\next\dist\compiled\next-server\app-page.runtime.dev.js:35:42822)
    at a_ (E:\skillproject\node_modules\next\dist\compiled\next-server\app-page.runtime.dev.js:35:49776)
    at a_ (E:\skillproject\node_modules\next\dist\compiled\next-server\app-page.runtime.dev.js:35:50067)
    at E:\skillproject\node_modules\next\dist\compiled\next-server\app-page.runtime.dev.js:35:58612
    at E:\skillproject\node_modules\next\dist\compiled\next-server\app-page.runtime.dev.js:35:59270
    at aN (E:\skillproject\node_modules\next\dist\compiled\next-server\app-page.runtime.dev.js:35:59278)
    at Timeout._onTimeout (E:\skillproject\node_modules\next\dist\compiled\next-server\app-page.runtime.dev.js:35:6939)
    at listOnTimeout (node:internal/timers:605:17)
    at process.processTimers (node:internal/timers:541:7)
digest: "3581677559"
 GET /roadmaps/frontend-dev/fe-t12 200 in 46ms
 ⨯ Internal error: Error: Element type is invalid: expected a string (for built-in components) or a class/function (for composite components) but got: undefined. You likely forgot to export your component from the file it's defined in, or you might have mixed up default and named imports.
    at aw (E:\skillproject\node_modules\next\dist\compiled\next-server\app-page.runtime.dev.js:35:46775)
    at aw (E:\skillproject\node_modules\next\dist\compiled\next-server\app-page.runtime.dev.js:35:46505)
    at a_ (E:\skillproject\node_modules\next\dist\compiled\next-server\app-page.runtime.dev.js:35:49776)
    at aj (E:\skillproject\node_modules\next\dist\compiled\next-server\app-page.runtime.dev.js:35:53793)
    at aC (E:\skillproject\node_modules\next\dist\compiled\next-server\app-page.runtime.dev.js:35:52874)
    at a_ (E:\skillproject\node_modules\next\dist\compiled\next-server\app-page.runtime.dev.js:35:50095)
    at aj (E:\skillproject\node_modules\next\dist\compiled\next-server\app-page.runtime.dev.js:35:53793)
    at E:\skillproject\node_modules\next\dist\compiled\next-server\app-page.runtime.dev.js:35:42336
    at aw (E:\skillproject\node_modules\next\dist\compiled\next-server\app-page.runtime.dev.js:35:42822)
    at a_ (E:\skillproject\node_modules\next\dist\compiled\next-server\app-page.runtime.dev.js:35:49776)
    at aj (E:\skillproject\node_modules\next\dist\compiled\next-server\app-page.runtime.dev.js:35:53793)
    at aC (E:\skillproject\node_modules\next\dist\compiled\next-server\app-page.runtime.dev.js:35:52874)
    at a_ (E:\skillproject\node_modules\next\dist\compiled\next-server\app-page.runtime.dev.js:35:50095)
    at aj (E:\skillproject\node_modules\next\dist\compiled\next-server\app-page.runtime.dev.js:35:53793)
    at E:\skillproject\node_modules\next\dist\compiled\next-server\app-page.runtime.dev.js:35:42336
    at aw (E:\skillproject\node_modules\next\dist\compiled\next-server\app-page.runtime.dev.js:35:42822)
    at a_ (E:\skillproject\node_modules\next\dist\compiled\next-server\app-page.runtime.dev.js:35:49776)
    at a_ (E:\skillproject\node_modules\next\dist\compiled\next-server\app-page.runtime.dev.js:35:50067)
    at E:\skillproject\node_modules\next\dist\compiled\next-server\app-page.runtime.dev.js:35:58612
    at E:\skillproject\node_modules\next\dist\compiled\next-server\app-page.runtime.dev.js:35:59270
    at aN (E:\skillproject\node_modules\next\dist\compiled\next-server\app-page.runtime.dev.js:35:59278)
    at Timeout._onTimeout (E:\skillproject\node_modules\next\dist\compiled\next-server\app-page.runtime.dev.js:35:6939)
    at listOnTimeout (node:internal/timers:605:17)
    at process.processTimers (node:internal/timers:541:7)
digest: "3581677559"
 GET /roadmaps/frontend-dev/fe-t13 200 in 58ms
 ⨯ Internal error: Error: Element type is invalid: expected a string (for built-in components) or a class/function (for composite components) but got: undefined. You likely forgot to export your component from the file it's defined in, or you might have mixed up default and named imports.
    at aw (E:\skillproject\node_modules\next\dist\compiled\next-server\app-page.runtime.dev.js:35:46775)
    at aw (E:\skillproject\node_modules\next\dist\compiled\next-server\app-page.runtime.dev.js:35:46505)
    at a_ (E:\skillproject\node_modules\next\dist\compiled\next-server\app-page.runtime.dev.js:35:49776)
    at aj (E:\skillproject\node_modules\next\dist\compiled\next-server\app-page.runtime.dev.js:35:53793)
    at aC (E:\skillproject\node_modules\next\dist\compiled\next-server\app-page.runtime.dev.js:35:52874)
    at a_ (E:\skillproject\node_modules\next\dist\compiled\next-server\app-page.runtime.dev.js:35:50095)
    at aj (E:\skillproject\node_modules\next\dist\compiled\next-server\app-page.runtime.dev.js:35:53793)
    at E:\skillproject\node_modules\next\dist\compiled\next-server\app-page.runtime.dev.js:35:42336
    at aw (E:\skillproject\node_modules\next\dist\compiled\next-server\app-page.runtime.dev.js:35:42822)
    at a_ (E:\skillproject\node_modules\next\dist\compiled\next-server\app-page.runtime.dev.js:35:49776)
    at aj (E:\skillproject\node_modules\next\dist\compiled\next-server\app-page.runtime.dev.js:35:53793)
    at aC (E:\skillproject\node_modules\next\dist\compiled\next-server\app-page.runtime.dev.js:35:52874)
    at a_ (E:\skillproject\node_modules\next\dist\compiled\next-server\app-page.runtime.dev.js:35:50095)
    at aj (E:\skillproject\node_modules\next\dist\compiled\next-server\app-page.runtime.dev.js:35:53793)
    at E:\skillproject\node_modules\next\dist\compiled\next-server\app-page.runtime.dev.js:35:42336
    at aw (E:\skillproject\node_modules\next\dist\compiled\next-server\app-page.runtime.dev.js:35:42822)
    at a_ (E:\skillproject\node_modules\next\dist\compiled\next-server\app-page.runtime.dev.js:35:49776)
    at a_ (E:\skillproject\node_modules\next\dist\compiled\next-server\app-page.runtime.dev.js:35:50067)
    at E:\skillproject\node_modules\next\dist\compiled\next-server\app-page.runtime.dev.js:35:58612
    at E:\skillproject\node_modules\next\dist\compiled\next-server\app-page.runtime.dev.js:35:59270
    at aN (E:\skillproject\node_modules\next\dist\compiled\next-server\app-page.runtime.dev.js:35:59278)
    at Timeout._onTimeout (E:\skillproject\node_modules\next\dist\compiled\next-server\app-page.runtime.dev.js:35:6939)
    at listOnTimeout (node:internal/timers:605:17)
    at process.processTimers (node:internal/timers:541:7)
digest: "3581677559"
 GET /roadmaps/frontend-dev/fe-t14 200 in 57ms
 ⨯ Internal error: Error: Element type is invalid: expected a string (for built-in components) or a class/function (for composite components) but got: undefined. You likely forgot to export your component from the file it's defined in, or you might have mixed up default and named imports.
    at aw (E:\skillproject\node_modules\next\dist\compiled\next-server\app-page.runtime.dev.js:35:46775)
    at aw (E:\skillproject\node_modules\next\dist\compiled\next-server\app-page.runtime.dev.js:35:46505)
    at a_ (E:\skillproject\node_modules\next\dist\compiled\next-server\app-page.runtime.dev.js:35:49776)
    at aj (E:\skillproject\node_modules\next\dist\compiled\next-server\app-page.runtime.dev.js:35:53793)
    at aC (E:\skillproject\node_modules\next\dist\compiled\next-server\app-page.runtime.dev.js:35:52874)
    at a_ (E:\skillproject\node_modules\next\dist\compiled\next-server\app-page.runtime.dev.js:35:50095)
    at aj (E:\skillproject\node_modules\next\dist\compiled\next-server\app-page.runtime.dev.js:35:53793)
    at E:\skillproject\node_modules\next\dist\compiled\next-server\app-page.runtime.dev.js:35:42336
    at aw (E:\skillproject\node_modules\next\dist\compiled\next-server\app-page.runtime.dev.js:35:42822)
    at a_ (E:\skillproject\node_modules\next\dist\compiled\next-server\app-page.runtime.dev.js:35:49776)
    at aj (E:\skillproject\node_modules\next\dist\compiled\next-server\app-page.runtime.dev.js:35:53793)
    at aC (E:\skillproject\node_modules\next\dist\compiled\next-server\app-page.runtime.dev.js:35:52874)
    at a_ (E:\skillproject\node_modules\next\dist\compiled\next-server\app-page.runtime.dev.js:35:50095)
    at aj (E:\skillproject\node_modules\next\dist\compiled\next-server\app-page.runtime.dev.js:35:53793)
    at E:\skillproject\node_modules\next\dist\compiled\next-server\app-page.runtime.dev.js:35:42336
    at aw (E:\skillproject\node_modules\next\dist\compiled\next-server\app-page.runtime.dev.js:35:42822)
    at a_ (E:\skillproject\node_modules\next\dist\compiled\next-server\app-page.runtime.dev.js:35:49776)
    at a_ (E:\skillproject\node_modules\next\dist\compiled\next-server\app-page.runtime.dev.js:35:50067)
    at E:\skillproject\node_modules\next\dist\compiled\next-server\app-page.runtime.dev.js:35:58612
    at E:\skillproject\node_modules\next\dist\compiled\next-server\app-page.runtime.dev.js:35:59270
    at aN (E:\skillproject\node_modules\next\dist\compiled\next-server\app-page.runtime.dev.js:35:59278)
    at Timeout._onTimeout (E:\skillproject\node_modules\next\dist\compiled\next-server\app-page.runtime.dev.js:35:6939)
    at listOnTimeout (node:internal/timers:605:17)
    at process.processTimers (node:internal/timers:541:7)
digest: "3581677559"
 GET /roadmaps/frontend-dev/fe-t15 200 in 59ms
 ⨯ Internal error: Error: Element type is invalid: expected a string (for built-in components) or a class/function (for composite components) but got: undefined. You likely forgot to export your component from the file it's defined in, or you might have mixed up default and named imports.
    at aw (E:\skillproject\node_modules\next\dist\compiled\next-server\app-page.runtime.dev.js:35:46775)
    at aw (E:\skillproject\node_modules\next\dist\compiled\next-server\app-page.runtime.dev.js:35:46505)
    at a_ (E:\skillproject\node_modules\next\dist\compiled\next-server\app-page.runtime.dev.js:35:49776)
    at aj (E:\skillproject\node_modules\next\dist\compiled\next-server\app-page.runtime.dev.js:35:53793)
    at aC (E:\skillproject\node_modules\next\dist\compiled\next-server\app-page.runtime.dev.js:35:52874)
    at a_ (E:\skillproject\node_modules\next\dist\compiled\next-server\app-page.runtime.dev.js:35:50095)
    at aj (E:\skillproject\node_modules\next\dist\compiled\next-server\app-page.runtime.dev.js:35:53793)
    at E:\skillproject\node_modules\next\dist\compiled\next-server\app-page.runtime.dev.js:35:42336
    at aw (E:\skillproject\node_modules\next\dist\compiled\next-server\app-page.runtime.dev.js:35:42822)
    at a_ (E:\skillproject\node_modules\next\dist\compiled\next-server\app-page.runtime.dev.js:35:49776)
    at aj (E:\skillproject\node_modules\next\dist\compiled\next-server\app-page.runtime.dev.js:35:53793)
    at aC (E:\skillproject\node_modules\next\dist\compiled\next-server\app-page.runtime.dev.js:35:52874)
    at a_ (E:\skillproject\node_modules\next\dist\compiled\next-server\app-page.runtime.dev.js:35:50095)
    at aj (E:\skillproject\node_modules\next\dist\compiled\next-server\app-page.runtime.dev.js:35:53793)
    at E:\skillproject\node_modules\next\dist\compiled\next-server\app-page.runtime.dev.js:35:42336
    at aw (E:\skillproject\node_modules\next\dist\compiled\next-server\app-page.runtime.dev.js:35:42822)
    at a_ (E:\skillproject\node_modules\next\dist\compiled\next-server\app-page.runtime.dev.js:35:49776)
    at a_ (E:\skillproject\node_modules\next\dist\compiled\next-server\app-page.runtime.dev.js:35:50067)
    at E:\skillproject\node_modules\next\dist\compiled\next-server\app-page.runtime.dev.js:35:58612
    at E:\skillproject\node_modules\next\dist\compiled\next-server\app-page.runtime.dev.js:35:59270
    at aN (E:\skillproject\node_modules\next\dist\compiled\next-server\app-page.runtime.dev.js:35:59278)
    at Timeout._onTimeout (E:\skillproject\node_modules\next\dist\compiled\next-server\app-page.runtime.dev.js:35:6939)
    at listOnTimeout (node:internal/timers:605:17)
    at process.processTimers (node:internal/timers:541:7)
digest: "3581677559"
 GET /roadmaps/frontend-dev/fe-t2 200 in 45ms
 ⨯ Internal error: Error: Element type is invalid: expected a string (for built-in components) or a class/function (for composite components) but got: undefined. You likely forgot to export your component from the file it's defined in, or you might have mixed up default and named imports.
    at aw (E:\skillproject\node_modules\next\dist\compiled\next-server\app-page.runtime.dev.js:35:46775)
    at aw (E:\skillproject\node_modules\next\dist\compiled\next-server\app-page.runtime.dev.js:35:46505)
    at a_ (E:\skillproject\node_modules\next\dist\compiled\next-server\app-page.runtime.dev.js:35:49776)
    at aj (E:\skillproject\node_modules\next\dist\compiled\next-server\app-page.runtime.dev.js:35:53793)
    at aC (E:\skillproject\node_modules\next\dist\compiled\next-server\app-page.runtime.dev.js:35:52874)
    at a_ (E:\skillproject\node_modules\next\dist\compiled\next-server\app-page.runtime.dev.js:35:50095)
    at aj (E:\skillproject\node_modules\next\dist\compiled\next-server\app-page.runtime.dev.js:35:53793)
    at E:\skillproject\node_modules\next\dist\compiled\next-server\app-page.runtime.dev.js:35:42336
    at aw (E:\skillproject\node_modules\next\dist\compiled\next-server\app-page.runtime.dev.js:35:42822)
    at a_ (E:\skillproject\node_modules\next\dist\compiled\next-server\app-page.runtime.dev.js:35:49776)
    at aj (E:\skillproject\node_modules\next\dist\compiled\next-server\app-page.runtime.dev.js:35:53793)
    at aC (E:\skillproject\node_modules\next\dist\compiled\next-server\app-page.runtime.dev.js:35:52874)
    at a_ (E:\skillproject\node_modules\next\dist\compiled\next-server\app-page.runtime.dev.js:35:50095)
    at aj (E:\skillproject\node_modules\next\dist\compiled\next-server\app-page.runtime.dev.js:35:53793)
    at E:\skillproject\node_modules\next\dist\compiled\next-server\app-page.runtime.dev.js:35:42336
    at aw (E:\skillproject\node_modules\next\dist\compiled\next-server\app-page.runtime.dev.js:35:42822)
    at a_ (E:\skillproject\node_modules\next\dist\compiled\next-server\app-page.runtime.dev.js:35:49776)
    at a_ (E:\skillproject\node_modules\next\dist\compiled\next-server\app-page.runtime.dev.js:35:50067)
    at E:\skillproject\node_modules\next\dist\compiled\next-server\app-page.runtime.dev.js:35:58612
    at E:\skillproject\node_modules\next\dist\compiled\next-server\app-page.runtime.dev.js:35:59270
    at aN (E:\skillproject\node_modules\next\dist\compiled\next-server\app-page.runtime.dev.js:35:59278)
    at Timeout._onTimeout (E:\skillproject\node_modules\next\dist\compiled\next-server\app-page.runtime.dev.js:35:6939)
    at listOnTimeout (node:internal/timers:605:17)
    at process.processTimers (node:internal/timers:541:7)
digest: "3581677559"
 GET /roadmaps/frontend-dev/fe-t3 200 in 39ms
 ⨯ Internal error: Error: Element type is invalid: expected a string (for built-in components) or a class/function (for composite components) but got: undefined. You likely forgot to export your component from the file it's defined in, or you might have mixed up default and named imports.
    at aw (E:\skillproject\node_modules\next\dist\compiled\next-server\app-page.runtime.dev.js:35:46775)
    at aw (E:\skillproject\node_modules\next\dist\compiled\next-server\app-page.runtime.dev.js:35:46505)
    at a_ (E:\skillproject\node_modules\next\dist\compiled\next-server\app-page.runtime.dev.js:35:49776)
    at aj (E:\skillproject\node_modules\next\dist\compiled\next-server\app-page.runtime.dev.js:35:53793)
    at aC (E:\skillproject\node_modules\next\dist\compiled\next-server\app-page.runtime.dev.js:35:52874)
    at a_ (E:\skillproject\node_modules\next\dist\compiled\next-server\app-page.runtime.dev.js:35:50095)
    at aj (E:\skillproject\node_modules\next\dist\compiled\next-server\app-page.runtime.dev.js:35:53793)
    at E:\skillproject\node_modules\next\dist\compiled\next-server\app-page.runtime.dev.js:35:42336
    at aw (E:\skillproject\node_modules\next\dist\compiled\next-server\app-page.runtime.dev.js:35:42822)
    at a_ (E:\skillproject\node_modules\next\dist\compiled\next-server\app-page.runtime.dev.js:35:49776)
    at aj (E:\skillproject\node_modules\next\dist\compiled\next-server\app-page.runtime.dev.js:35:53793)
    at aC (E:\skillproject\node_modules\next\dist\compiled\next-server\app-page.runtime.dev.js:35:52874)
    at a_ (E:\skillproject\node_modules\next\dist\compiled\next-server\app-page.runtime.dev.js:35:50095)
    at aj (E:\skillproject\node_modules\next\dist\compiled\next-server\app-page.runtime.dev.js:35:53793)
    at E:\skillproject\node_modules\next\dist\compiled\next-server\app-page.runtime.dev.js:35:42336
    at aw (E:\skillproject\node_modules\next\dist\compiled\next-server\app-page.runtime.dev.js:35:42822)
    at a_ (E:\skillproject\node_modules\next\dist\compiled\next-server\app-page.runtime.dev.js:35:49776)
    at a_ (E:\skillproject\node_modules\next\dist\compiled\next-server\app-page.runtime.dev.js:35:50067)
    at E:\skillproject\node_modules\next\dist\compiled\next-server\app-page.runtime.dev.js:35:58612
    at E:\skillproject\node_modules\next\dist\compiled\next-server\app-page.runtime.dev.js:35:59270
    at aN (E:\skillproject\node_modules\next\dist\compiled\next-server\app-page.runtime.dev.js:35:59278)
    at Timeout._onTimeout (E:\skillproject\node_modules\next\dist\compiled\next-server\app-page.runtime.dev.js:35:6939)
    at listOnTimeout (node:internal/timers:605:17)
    at process.processTimers (node:internal/timers:541:7)
digest: "3581677559"
 GET /roadmaps/frontend-dev/fe-t4 200 in 58ms
 ⨯ Internal error: Error: Element type is invalid: expected a string (for built-in components) or a class/function (for composite components) but got: undefined. You likely forgot to export your component from the file it's defined in, or you might have mixed up default and named imports.
    at aw (E:\skillproject\node_modules\next\dist\compiled\next-server\app-page.runtime.dev.js:35:46775)
    at aw (E:\skillproject\node_modules\next\dist\compiled\next-server\app-page.runtime.dev.js:35:46505)
    at a_ (E:\skillproject\node_modules\next\dist\compiled\next-server\app-page.runtime.dev.js:35:49776)
    at aj (E:\skillproject\node_modules\next\dist\compiled\next-server\app-page.runtime.dev.js:35:53793)
    at aC (E:\skillproject\node_modules\next\dist\compiled\next-server\app-page.runtime.dev.js:35:52874)
    at a_ (E:\skillproject\node_modules\next\dist\compiled\next-server\app-page.runtime.dev.js:35:50095)
    at aj (E:\skillproject\node_modules\next\dist\compiled\next-server\app-page.runtime.dev.js:35:53793)
    at E:\skillproject\node_modules\next\dist\compiled\next-server\app-page.runtime.dev.js:35:42336
    at aw (E:\skillproject\node_modules\next\dist\compiled\next-server\app-page.runtime.dev.js:35:42822)
    at a_ (E:\skillproject\node_modules\next\dist\compiled\next-server\app-page.runtime.dev.js:35:49776)
    at aj (E:\skillproject\node_modules\next\dist\compiled\next-server\app-page.runtime.dev.js:35:53793)
    at aC (E:\skillproject\node_modules\next\dist\compiled\next-server\app-page.runtime.dev.js:35:52874)
    at a_ (E:\skillproject\node_modules\next\dist\compiled\next-server\app-page.runtime.dev.js:35:50095)
    at aj (E:\skillproject\node_modules\next\dist\compiled\next-server\app-page.runtime.dev.js:35:53793)
    at E:\skillproject\node_modules\next\dist\compiled\next-server\app-page.runtime.dev.js:35:42336
    at aw (E:\skillproject\node_modules\next\dist\compiled\next-server\app-page.runtime.dev.js:35:42822)
    at a_ (E:\skillproject\node_modules\next\dist\compiled\next-server\app-page.runtime.dev.js:35:49776)
    at a_ (E:\skillproject\node_modules\next\dist\compiled\next-server\app-page.runtime.dev.js:35:50067)
    at E:\skillproject\node_modules\next\dist\compiled\next-server\app-page.runtime.dev.js:35:58612
    at E:\skillproject\node_modules\next\dist\compiled\next-server\app-page.runtime.dev.js:35:59270
    at aN (E:\skillproject\node_modules\next\dist\compiled\next-server\app-page.runtime.dev.js:35:59278)
    at Timeout._onTimeout (E:\skillproject\node_modules\next\dist\compiled\next-server\app-page.runtime.dev.js:35:6939)
    at listOnTimeout (node:internal/timers:605:17)
    at process.processTimers (node:internal/timers:541:7)
digest: "3581677559"
 GET /roadmaps/frontend-dev/fe-t5 200 in 57ms
 ⨯ Internal error: Error: Element type is invalid: expected a string (for built-in components) or a class/function (for composite components) but got: undefined. You likely forgot to export your component from the file it's defined in, or you might have mixed up default and named imports.
    at aw (E:\skillproject\node_modules\next\dist\compiled\next-server\app-page.runtime.dev.js:35:46775)
    at aw (E:\skillproject\node_modules\next\dist\compiled\next-server\app-page.runtime.dev.js:35:46505)
    at a_ (E:\skillproject\node_modules\next\dist\compiled\next-server\app-page.runtime.dev.js:35:49776)
    at aj (E:\skillproject\node_modules\next\dist\compiled\next-server\app-page.runtime.dev.js:35:53793)
    at aC (E:\skillproject\node_modules\next\dist\compiled\next-server\app-page.runtime.dev.js:35:52874)
    at a_ (E:\skillproject\node_modules\next\dist\compiled\next-server\app-page.runtime.dev.js:35:50095)
    at aj (E:\skillproject\node_modules\next\dist\compiled\next-server\app-page.runtime.dev.js:35:53793)
    at E:\skillproject\node_modules\next\dist\compiled\next-server\app-page.runtime.dev.js:35:42336
    at aw (E:\skillproject\node_modules\next\dist\compiled\next-server\app-page.runtime.dev.js:35:42822)
    at a_ (E:\skillproject\node_modules\next\dist\compiled\next-server\app-page.runtime.dev.js:35:49776)
    at aj (E:\skillproject\node_modules\next\dist\compiled\next-server\app-page.runtime.dev.js:35:53793)
    at aC (E:\skillproject\node_modules\next\dist\compiled\next-server\app-page.runtime.dev.js:35:52874)
    at a_ (E:\skillproject\node_modules\next\dist\compiled\next-server\app-page.runtime.dev.js:35:50095)
    at aj (E:\skillproject\node_modules\next\dist\compiled\next-server\app-page.runtime.dev.js:35:53793)
    at E:\skillproject\node_modules\next\dist\compiled\next-server\app-page.runtime.dev.js:35:42336
    at aw (E:\skillproject\node_modules\next\dist\compiled\next-server\app-page.runtime.dev.js:35:42822)
    at a_ (E:\skillproject\node_modules\next\dist\compiled\next-server\app-page.runtime.dev.js:35:49776)
    at a_ (E:\skillproject\node_modules\next\dist\compiled\next-server\app-page.runtime.dev.js:35:50067)
    at E:\skillproject\node_modules\next\dist\compiled\next-server\app-page.runtime.dev.js:35:58612
    at E:\skillproject\node_modules\next\dist\compiled\next-server\app-page.runtime.dev.js:35:59270
    at aN (E:\skillproject\node_modules\next\dist\compiled\next-server\app-page.runtime.dev.js:35:59278)
    at Timeout._onTimeout (E:\skillproject\node_modules\next\dist\compiled\next-server\app-page.runtime.dev.js:35:6939)
    at listOnTimeout (node:internal/timers:605:17)
    at process.processTimers (node:internal/timers:541:7)
digest: "3581677559"
 GET /roadmaps/frontend-dev/fe-t6 200 in 56ms
 ⨯ Internal error: Error: Element type is invalid: expected a string (for built-in components) or a class/function (for composite components) but got: undefined. You likely forgot to export your component from the file it's defined in, or you might have mixed up default and named imports.
    at aw (E:\skillproject\node_modules\next\dist\compiled\next-server\app-page.runtime.dev.js:35:46775)
    at aw (E:\skillproject\node_modules\next\dist\compiled\next-server\app-page.runtime.dev.js:35:46505)
    at a_ (E:\skillproject\node_modules\next\dist\compiled\next-server\app-page.runtime.dev.js:35:49776)
    at aj (E:\skillproject\node_modules\next\dist\compiled\next-server\app-page.runtime.dev.js:35:53793)
    at aC (E:\skillproject\node_modules\next\dist\compiled\next-server\app-page.runtime.dev.js:35:52874)
    at a_ (E:\skillproject\node_modules\next\dist\compiled\next-server\app-page.runtime.dev.js:35:50095)
    at aj (E:\skillproject\node_modules\next\dist\compiled\next-server\app-page.runtime.dev.js:35:53793)
    at E:\skillproject\node_modules\next\dist\compiled\next-server\app-page.runtime.dev.js:35:42336
    at aw (E:\skillproject\node_modules\next\dist\compiled\next-server\app-page.runtime.dev.js:35:42822)
    at a_ (E:\skillproject\node_modules\next\dist\compiled\next-server\app-page.runtime.dev.js:35:49776)
    at aj (E:\skillproject\node_modules\next\dist\compiled\next-server\app-page.runtime.dev.js:35:53793)
    at aC (E:\skillproject\node_modules\next\dist\compiled\next-server\app-page.runtime.dev.js:35:52874)
    at a_ (E:\skillproject\node_modules\next\dist\compiled\next-server\app-page.runtime.dev.js:35:50095)
    at aj (E:\skillproject\node_modules\next\dist\compiled\next-server\app-page.runtime.dev.js:35:53793)
    at E:\skillproject\node_modules\next\dist\compiled\next-server\app-page.runtime.dev.js:35:42336
    at aw (E:\skillproject\node_modules\next\dist\compiled\next-server\app-page.runtime.dev.js:35:42822)
    at a_ (E:\skillproject\node_modules\next\dist\compiled\next-server\app-page.runtime.dev.js:35:49776)
    at a_ (E:\skillproject\node_modules\next\dist\compiled\next-server\app-page.runtime.dev.js:35:50067)
    at E:\skillproject\node_modules\next\dist\compiled\next-server\app-page.runtime.dev.js:35:58612
    at E:\skillproject\node_modules\next\dist\compiled\next-server\app-page.runtime.dev.js:35:59270
    at aN (E:\skillproject\node_modules\next\dist\compiled\next-server\app-page.runtime.dev.js:35:59278)
    at Timeout._onTimeout (E:\skillproject\node_modules\next\dist\compiled\next-server\app-page.runtime.dev.js:35:6939)
    at listOnTimeout (node:internal/timers:605:17)
    at process.processTimers (node:internal/timers:541:7)
digest: "3581677559"
 GET /roadmaps/frontend-dev/fe-t7 200 in 47ms
 ⨯ Internal error: Error: Element type is invalid: expected a string (for built-in components) or a class/function (for composite components) but got: undefined. You likely forgot to export your component from the file it's defined in, or you might have mixed up default and named imports.
    at aw (E:\skillproject\node_modules\next\dist\compiled\next-server\app-page.runtime.dev.js:35:46775)
    at aw (E:\skillproject\node_modules\next\dist\compiled\next-server\app-page.runtime.dev.js:35:46505)
    at a_ (E:\skillproject\node_modules\next\dist\compiled\next-server\app-page.runtime.dev.js:35:49776)
    at aj (E:\skillproject\node_modules\next\dist\compiled\next-server\app-page.runtime.dev.js:35:53793)
    at aC (E:\skillproject\node_modules\next\dist\compiled\next-server\app-page.runtime.dev.js:35:52874)
    at a_ (E:\skillproject\node_modules\next\dist\compiled\next-server\app-page.runtime.dev.js:35:50095)
    at aj (E:\skillproject\node_modules\next\dist\compiled\next-server\app-page.runtime.dev.js:35:53793)
    at E:\skillproject\node_modules\next\dist\compiled\next-server\app-page.runtime.dev.js:35:42336
    at aw (E:\skillproject\node_modules\next\dist\compiled\next-server\app-page.runtime.dev.js:35:42822)
    at a_ (E:\skillproject\node_modules\next\dist\compiled\next-server\app-page.runtime.dev.js:35:49776)
    at aj (E:\skillproject\node_modules\next\dist\compiled\next-server\app-page.runtime.dev.js:35:53793)
    at aC (E:\skillproject\node_modules\next\dist\compiled\next-server\app-page.runtime.dev.js:35:52874)
    at a_ (E:\skillproject\node_modules\next\dist\compiled\next-server\app-page.runtime.dev.js:35:50095)
    at aj (E:\skillproject\node_modules\next\dist\compiled\next-server\app-page.runtime.dev.js:35:53793)
    at E:\skillproject\node_modules\next\dist\compiled\next-server\app-page.runtime.dev.js:35:42336
    at aw (E:\skillproject\node_modules\next\dist\compiled\next-server\app-page.runtime.dev.js:35:42822)
    at a_ (E:\skillproject\node_modules\next\dist\compiled\next-server\app-page.runtime.dev.js:35:49776)
    at a_ (E:\skillproject\node_modules\next\dist\compiled\next-server\app-page.runtime.dev.js:35:50067)
    at E:\skillproject\node_modules\next\dist\compiled\next-server\app-page.runtime.dev.js:35:58612
    at E:\skillproject\node_modules\next\dist\compiled\next-server\app-page.runtime.dev.js:35:59270
    at aN (E:\skillproject\node_modules\next\dist\compiled\next-server\app-page.runtime.dev.js:35:59278)
    at Timeout._onTimeout (E:\skillproject\node_modules\next\dist\compiled\next-server\app-page.runtime.dev.js:35:6939)
    at listOnTimeout (node:internal/timers:605:17)
    at process.processTimers (node:internal/timers:541:7)
digest: "3581677559"
 GET /roadmaps/frontend-dev/fe-t8 200 in 34ms
 ⨯ Internal error: Error: Element type is invalid: expected a string (for built-in components) or a class/function (for composite components) but got: undefined. You likely forgot to export your component from the file it's defined in, or you might have mixed up default and named imports.
    at aw (E:\skillproject\node_modules\next\dist\compiled\next-server\app-page.runtime.dev.js:35:46775)
    at aw (E:\skillproject\node_modules\next\dist\compiled\next-server\app-page.runtime.dev.js:35:46505)
    at a_ (E:\skillproject\node_modules\next\dist\compiled\next-server\app-page.runtime.dev.js:35:49776)
    at aj (E:\skillproject\node_modules\next\dist\compiled\next-server\app-page.runtime.dev.js:35:53793)
    at aC (E:\skillproject\node_modules\next\dist\compiled\next-server\app-page.runtime.dev.js:35:52874)
    at a_ (E:\skillproject\node_modules\next\dist\compiled\next-server\app-page.runtime.dev.js:35:50095)
    at aj (E:\skillproject\node_modules\next\dist\compiled\next-server\app-page.runtime.dev.js:35:53793)
    at E:\skillproject\node_modules\next\dist\compiled\next-server\app-page.runtime.dev.js:35:42336
    at aw (E:\skillproject\node_modules\next\dist\compiled\next-server\app-page.runtime.dev.js:35:42822)
    at a_ (E:\skillproject\node_modules\next\dist\compiled\next-server\app-page.runtime.dev.js:35:49776)
    at aj (E:\skillproject\node_modules\next\dist\compiled\next-server\app-page.runtime.dev.js:35:53793)
    at aC (E:\skillproject\node_modules\next\dist\compiled\next-server\app-page.runtime.dev.js:35:52874)
    at a_ (E:\skillproject\node_modules\next\dist\compiled\next-server\app-page.runtime.dev.js:35:50095)
    at aj (E:\skillproject\node_modules\next\dist\compiled\next-server\app-page.runtime.dev.js:35:53793)
    at E:\skillproject\node_modules\next\dist\compiled\next-server\app-page.runtime.dev.js:35:42336
    at aw (E:\skillproject\node_modules\next\dist\compiled\next-server\app-page.runtime.dev.js:35:42822)
    at a_ (E:\skillproject\node_modules\next\dist\compiled\next-server\app-page.runtime.dev.js:35:49776)
    at a_ (E:\skillproject\node_modules\next\dist\compiled\next-server\app-page.runtime.dev.js:35:50067)
    at E:\skillproject\node_modules\next\dist\compiled\next-server\app-page.runtime.dev.js:35:58612
    at E:\skillproject\node_modules\next\dist\compiled\next-server\app-page.runtime.dev.js:35:59270
    at aN (E:\skillproject\node_modules\next\dist\compiled\next-server\app-page.runtime.dev.js:35:59278)
    at Timeout._onTimeout (E:\skillproject\node_modules\next\dist\compiled\next-server\app-page.runtime.dev.js:35:6939)
    at listOnTimeout (node:internal/timers:605:17)
    at process.processTimers (node:internal/timers:541:7)
digest: "3581677559"
 GET /roadmaps/frontend-dev/fe-t9 200 in 36ms
 ⨯ Internal error: Error: Element type is invalid: expected a string (for built-in components) or a class/function (for composite components) but got: undefined. You likely forgot to export your component from the file it's defined in, or you might have mixed up default and named imports.
    at aw (E:\skillproject\node_modules\next\dist\compiled\next-server\app-page.runtime.dev.js:35:46775)
    at aw (E:\skillproject\node_modules\next\dist\compiled\next-server\app-page.runtime.dev.js:35:46505)
    at a_ (E:\skillproject\node_modules\next\dist\compiled\next-server\app-page.runtime.dev.js:35:49776)
    at aj (E:\skillproject\node_modules\next\dist\compiled\next-server\app-page.runtime.dev.js:35:53793)
    at aC (E:\skillproject\node_modules\next\dist\compiled\next-server\app-page.runtime.dev.js:35:52874)
    at a_ (E:\skillproject\node_modules\next\dist\compiled\next-server\app-page.runtime.dev.js:35:50095)
    at aj (E:\skillproject\node_modules\next\dist\compiled\next-server\app-page.runtime.dev.js:35:53793)
    at E:\skillproject\node_modules\next\dist\compiled\next-server\app-page.runtime.dev.js:35:42336
    at aw (E:\skillproject\node_modules\next\dist\compiled\next-server\app-page.runtime.dev.js:35:42822)
    at a_ (E:\skillproject\node_modules\next\dist\compiled\next-server\app-page.runtime.dev.js:35:49776)
    at aj (E:\skillproject\node_modules\next\dist\compiled\next-server\app-page.runtime.dev.js:35:53793)
    at aC (E:\skillproject\node_modules\next\dist\compiled\next-server\app-page.runtime.dev.js:35:52874)
    at a_ (E:\skillproject\node_modules\next\dist\compiled\next-server\app-page.runtime.dev.js:35:50095)
    at aj (E:\skillproject\node_modules\next\dist\compiled\next-server\app-page.runtime.dev.js:35:53793)
    at E:\skillproject\node_modules\next\dist\compiled\next-server\app-page.runtime.dev.js:35:42336
    at aw (E:\skillproject\node_modules\next\dist\compiled\next-server\app-page.runtime.dev.js:35:42822)
    at a_ (E:\skillproject\node_modules\next\dist\compiled\next-server\app-page.runtime.dev.js:35:49776)
    at a_ (E:\skillproject\node_modules\next\dist\compiled\next-server\app-page.runtime.dev.js:35:50067)
    at E:\skillproject\node_modules\next\dist\compiled\next-server\app-page.runtime.dev.js:35:58612
    at E:\skillproject\node_modules\next\dist\compiled\next-server\app-page.runtime.dev.js:35:59270
    at aN (E:\skillproject\node_modules\next\dist\compiled\next-server\app-page.runtime.dev.js:35:59278)
    at Timeout._onTimeout (E:\skillproject\node_modules\next\dist\compiled\next-server\app-page.runtime.dev.js:35:6939)
    at listOnTimeout (node:internal/timers:605:17)
    at process.processTimers (node:internal/timers:541:7)
digest: "3581677559"
 GET /roadmaps/qa-testing/qa-t1 200 in 53ms
 ⨯ Internal error: Error: Element type is invalid: expected a string (for built-in components) or a class/function (for composite components) but got: undefined. You likely forgot to export your component from the file it's defined in, or you might have mixed up default and named imports.
    at aw (E:\skillproject\node_modules\next\dist\compiled\next-server\app-page.runtime.dev.js:35:46775)
    at aw (E:\skillproject\node_modules\next\dist\compiled\next-server\app-page.runtime.dev.js:35:46505)
    at a_ (E:\skillproject\node_modules\next\dist\compiled\next-server\app-page.runtime.dev.js:35:49776)
    at aj (E:\skillproject\node_modules\next\dist\compiled\next-server\app-page.runtime.dev.js:35:53793)
    at aC (E:\skillproject\node_modules\next\dist\compiled\next-server\app-page.runtime.dev.js:35:52874)
    at a_ (E:\skillproject\node_modules\next\dist\compiled\next-server\app-page.runtime.dev.js:35:50095)
    at aj (E:\skillproject\node_modules\next\dist\compiled\next-server\app-page.runtime.dev.js:35:53793)
    at E:\skillproject\node_modules\next\dist\compiled\next-server\app-page.runtime.dev.js:35:42336
    at aw (E:\skillproject\node_modules\next\dist\compiled\next-server\app-page.runtime.dev.js:35:42822)
    at a_ (E:\skillproject\node_modules\next\dist\compiled\next-server\app-page.runtime.dev.js:35:49776)
    at aj (E:\skillproject\node_modules\next\dist\compiled\next-server\app-page.runtime.dev.js:35:53793)
    at aC (E:\skillproject\node_modules\next\dist\compiled\next-server\app-page.runtime.dev.js:35:52874)
    at a_ (E:\skillproject\node_modules\next\dist\compiled\next-server\app-page.runtime.dev.js:35:50095)
    at aj (E:\skillproject\node_modules\next\dist\compiled\next-server\app-page.runtime.dev.js:35:53793)
    at E:\skillproject\node_modules\next\dist\compiled\next-server\app-page.runtime.dev.js:35:42336
    at aw (E:\skillproject\node_modules\next\dist\compiled\next-server\app-page.runtime.dev.js:35:42822)
    at a_ (E:\skillproject\node_modules\next\dist\compiled\next-server\app-page.runtime.dev.js:35:49776)
    at a_ (E:\skillproject\node_modules\next\dist\compiled\next-server\app-page.runtime.dev.js:35:50067)
    at E:\skillproject\node_modules\next\dist\compiled\next-server\app-page.runtime.dev.js:35:58612
    at E:\skillproject\node_modules\next\dist\compiled\next-server\app-page.runtime.dev.js:35:59270
    at aN (E:\skillproject\node_modules\next\dist\compiled\next-server\app-page.runtime.dev.js:35:59278)
    at Timeout._onTimeout (E:\skillproject\node_modules\next\dist\compiled\next-server\app-page.runtime.dev.js:35:6939)
    at listOnTimeout (node:internal/timers:605:17)
    at process.processTimers (node:internal/timers:541:7)
digest: "3581677559"
 GET /roadmaps/qa-testing/qa-t2 200 in 30ms
 ⨯ Internal error: Error: Element type is invalid: expected a string (for built-in components) or a class/function (for composite components) but got: undefined. You likely forgot to export your component from the file it's defined in, or you might have mixed up default and named imports.
    at aw (E:\skillproject\node_modules\next\dist\compiled\next-server\app-page.runtime.dev.js:35:46775)
    at aw (E:\skillproject\node_modules\next\dist\compiled\next-server\app-page.runtime.dev.js:35:46505)
    at a_ (E:\skillproject\node_modules\next\dist\compiled\next-server\app-page.runtime.dev.js:35:49776)
    at aj (E:\skillproject\node_modules\next\dist\compiled\next-server\app-page.runtime.dev.js:35:53793)
    at aC (E:\skillproject\node_modules\next\dist\compiled\next-server\app-page.runtime.dev.js:35:52874)
    at a_ (E:\skillproject\node_modules\next\dist\compiled\next-server\app-page.runtime.dev.js:35:50095)
    at aj (E:\skillproject\node_modules\next\dist\compiled\next-server\app-page.runtime.dev.js:35:53793)
    at E:\skillproject\node_modules\next\dist\compiled\next-server\app-page.runtime.dev.js:35:42336
    at aw (E:\skillproject\node_modules\next\dist\compiled\next-server\app-page.runtime.dev.js:35:42822)
    at a_ (E:\skillproject\node_modules\next\dist\compiled\next-server\app-page.runtime.dev.js:35:49776)
    at aj (E:\skillproject\node_modules\next\dist\compiled\next-server\app-page.runtime.dev.js:35:53793)
    at aC (E:\skillproject\node_modules\next\dist\compiled\next-server\app-page.runtime.dev.js:35:52874)
    at a_ (E:\skillproject\node_modules\next\dist\compiled\next-server\app-page.runtime.dev.js:35:50095)
    at aj (E:\skillproject\node_modules\next\dist\compiled\next-server\app-page.runtime.dev.js:35:53793)
    at E:\skillproject\node_modules\next\dist\compiled\next-server\app-page.runtime.dev.js:35:42336
    at aw (E:\skillproject\node_modules\next\dist\compiled\next-server\app-page.runtime.dev.js:35:42822)
    at a_ (E:\skillproject\node_modules\next\dist\compiled\next-server\app-page.runtime.dev.js:35:49776)
    at a_ (E:\skillproject\node_modules\next\dist\compiled\next-server\app-page.runtime.dev.js:35:50067)
    at E:\skillproject\node_modules\next\dist\compiled\next-server\app-page.runtime.dev.js:35:58612
    at E:\skillproject\node_modules\next\dist\compiled\next-server\app-page.runtime.dev.js:35:59270
    at aN (E:\skillproject\node_modules\next\dist\compiled\next-server\app-page.runtime.dev.js:35:59278)
    at Timeout._onTimeout (E:\skillproject\node_modules\next\dist\compiled\next-server\app-page.runtime.dev.js:35:6939)
    at listOnTimeout (node:internal/timers:605:17)
    at process.processTimers (node:internal/timers:541:7)
digest: "3581677559"
 GET /roadmaps/qa-testing/qa-t3 200 in 50ms
 ⨯ Internal error: Error: Element type is invalid: expected a string (for built-in components) or a class/function (for composite components) but got: undefined. You likely forgot to export your component from the file it's defined in, or you might have mixed up default and named imports.
    at aw (E:\skillproject\node_modules\next\dist\compiled\next-server\app-page.runtime.dev.js:35:46775)
    at aw (E:\skillproject\node_modules\next\dist\compiled\next-server\app-page.runtime.dev.js:35:46505)
    at a_ (E:\skillproject\node_modules\next\dist\compiled\next-server\app-page.runtime.dev.js:35:49776)
    at aj (E:\skillproject\node_modules\next\dist\compiled\next-server\app-page.runtime.dev.js:35:53793)
    at aC (E:\skillproject\node_modules\next\dist\compiled\next-server\app-page.runtime.dev.js:35:52874)
    at a_ (E:\skillproject\node_modules\next\dist\compiled\next-server\app-page.runtime.dev.js:35:50095)
    at aj (E:\skillproject\node_modules\next\dist\compiled\next-server\app-page.runtime.dev.js:35:53793)
    at E:\skillproject\node_modules\next\dist\compiled\next-server\app-page.runtime.dev.js:35:42336
    at aw (E:\skillproject\node_modules\next\dist\compiled\next-server\app-page.runtime.dev.js:35:42822)
    at a_ (E:\skillproject\node_modules\next\dist\compiled\next-server\app-page.runtime.dev.js:35:49776)
    at aj (E:\skillproject\node_modules\next\dist\compiled\next-server\app-page.runtime.dev.js:35:53793)
    at aC (E:\skillproject\node_modules\next\dist\compiled\next-server\app-page.runtime.dev.js:35:52874)
    at a_ (E:\skillproject\node_modules\next\dist\compiled\next-server\app-page.runtime.dev.js:35:50095)
    at aj (E:\skillproject\node_modules\next\dist\compiled\next-server\app-page.runtime.dev.js:35:53793)
    at E:\skillproject\node_modules\next\dist\compiled\next-server\app-page.runtime.dev.js:35:42336
    at aw (E:\skillproject\node_modules\next\dist\compiled\next-server\app-page.runtime.dev.js:35:42822)
    at a_ (E:\skillproject\node_modules\next\dist\compiled\next-server\app-page.runtime.dev.js:35:49776)
    at a_ (E:\skillproject\node_modules\next\dist\compiled\next-server\app-page.runtime.dev.js:35:50067)
    at E:\skillproject\node_modules\next\dist\compiled\next-server\app-page.runtime.dev.js:35:58612
    at E:\skillproject\node_modules\next\dist\compiled\next-server\app-page.runtime.dev.js:35:59270
    at aN (E:\skillproject\node_modules\next\dist\compiled\next-server\app-page.runtime.dev.js:35:59278)
    at Timeout._onTimeout (E:\skillproject\node_modules\next\dist\compiled\next-server\app-page.runtime.dev.js:35:6939)
    at listOnTimeout (node:internal/timers:605:17)
    at process.processTimers (node:internal/timers:541:7)
digest: "3581677559"
 GET /roadmaps/qa-testing/qa-t4 200 in 64ms
 ⨯ Internal error: Error: Element type is invalid: expected a string (for built-in components) or a class/function (for composite components) but got: undefined. You likely forgot to export your component from the file it's defined in, or you might have mixed up default and named imports.
    at aw (E:\skillproject\node_modules\next\dist\compiled\next-server\app-page.runtime.dev.js:35:46775)
    at aw (E:\skillproject\node_modules\next\dist\compiled\next-server\app-page.runtime.dev.js:35:46505)
    at a_ (E:\skillproject\node_modules\next\dist\compiled\next-server\app-page.runtime.dev.js:35:49776)
    at aj (E:\skillproject\node_modules\next\dist\compiled\next-server\app-page.runtime.dev.js:35:53793)
    at aC (E:\skillproject\node_modules\next\dist\compiled\next-server\app-page.runtime.dev.js:35:52874)
    at a_ (E:\skillproject\node_modules\next\dist\compiled\next-server\app-page.runtime.dev.js:35:50095)
    at aj (E:\skillproject\node_modules\next\dist\compiled\next-server\app-page.runtime.dev.js:35:53793)
    at E:\skillproject\node_modules\next\dist\compiled\next-server\app-page.runtime.dev.js:35:42336
    at aw (E:\skillproject\node_modules\next\dist\compiled\next-server\app-page.runtime.dev.js:35:42822)
    at a_ (E:\skillproject\node_modules\next\dist\compiled\next-server\app-page.runtime.dev.js:35:49776)
    at aj (E:\skillproject\node_modules\next\dist\compiled\next-server\app-page.runtime.dev.js:35:53793)
    at aC (E:\skillproject\node_modules\next\dist\compiled\next-server\app-page.runtime.dev.js:35:52874)
    at a_ (E:\skillproject\node_modules\next\dist\compiled\next-server\app-page.runtime.dev.js:35:50095)
    at aj (E:\skillproject\node_modules\next\dist\compiled\next-server\app-page.runtime.dev.js:35:53793)
    at E:\skillproject\node_modules\next\dist\compiled\next-server\app-page.runtime.dev.js:35:42336
    at aw (E:\skillproject\node_modules\next\dist\compiled\next-server\app-page.runtime.dev.js:35:42822)
    at a_ (E:\skillproject\node_modules\next\dist\compiled\next-server\app-page.runtime.dev.js:35:49776)
    at a_ (E:\skillproject\node_modules\next\dist\compiled\next-server\app-page.runtime.dev.js:35:50067)
    at E:\skillproject\node_modules\next\dist\compiled\next-server\app-page.runtime.dev.js:35:58612
    at E:\skillproject\node_modules\next\dist\compiled\next-server\app-page.runtime.dev.js:35:59270
    at aN (E:\skillproject\node_modules\next\dist\compiled\next-server\app-page.runtime.dev.js:35:59278)
    at Timeout._onTimeout (E:\skillproject\node_modules\next\dist\compiled\next-server\app-page.runtime.dev.js:35:6939)
    at listOnTimeout (node:internal/timers:605:17)
    at process.processTimers (node:internal/timers:541:7)
digest: "3581677559"
 GET /roadmaps/qa-testing/qa-t5 200 in 54ms
 ⨯ Internal error: Error: Element type is invalid: expected a string (for built-in components) or a class/function (for composite components) but got: undefined. You likely forgot to export your component from the file it's defined in, or you might have mixed up default and named imports.
    at aw (E:\skillproject\node_modules\next\dist\compiled\next-server\app-page.runtime.dev.js:35:46775)
    at aw (E:\skillproject\node_modules\next\dist\compiled\next-server\app-page.runtime.dev.js:35:46505)
    at a_ (E:\skillproject\node_modules\next\dist\compiled\next-server\app-page.runtime.dev.js:35:49776)
    at aj (E:\skillproject\node_modules\next\dist\compiled\next-server\app-page.runtime.dev.js:35:53793)
    at aC (E:\skillproject\node_modules\next\dist\compiled\next-server\app-page.runtime.dev.js:35:52874)
    at a_ (E:\skillproject\node_modules\next\dist\compiled\next-server\app-page.runtime.dev.js:35:50095)
    at aj (E:\skillproject\node_modules\next\dist\compiled\next-server\app-page.runtime.dev.js:35:53793)
    at E:\skillproject\node_modules\next\dist\compiled\next-server\app-page.runtime.dev.js:35:42336
    at aw (E:\skillproject\node_modules\next\dist\compiled\next-server\app-page.runtime.dev.js:35:42822)
    at a_ (E:\skillproject\node_modules\next\dist\compiled\next-server\app-page.runtime.dev.js:35:49776)
    at aj (E:\skillproject\node_modules\next\dist\compiled\next-server\app-page.runtime.dev.js:35:53793)
    at aC (E:\skillproject\node_modules\next\dist\compiled\next-server\app-page.runtime.dev.js:35:52874)
    at a_ (E:\skillproject\node_modules\next\dist\compiled\next-server\app-page.runtime.dev.js:35:50095)
    at aj (E:\skillproject\node_modules\next\dist\compiled\next-server\app-page.runtime.dev.js:35:53793)
    at E:\skillproject\node_modules\next\dist\compiled\next-server\app-page.runtime.dev.js:35:42336
    at aw (E:\skillproject\node_modules\next\dist\compiled\next-server\app-page.runtime.dev.js:35:42822)
    at a_ (E:\skillproject\node_modules\next\dist\compiled\next-server\app-page.runtime.dev.js:35:49776)
    at a_ (E:\skillproject\node_modules\next\dist\compiled\next-server\app-page.runtime.dev.js:35:50067)
    at E:\skillproject\node_modules\next\dist\compiled\next-server\app-page.runtime.dev.js:35:58612
    at E:\skillproject\node_modules\next\dist\compiled\next-server\app-page.runtime.dev.js:35:59270
    at aN (E:\skillproject\node_modules\next\dist\compiled\next-server\app-page.runtime.dev.js:35:59278)
    at Timeout._onTimeout (E:\skillproject\node_modules\next\dist\compiled\next-server\app-page.runtime.dev.js:35:6939)
    at listOnTimeout (node:internal/timers:605:17)
    at process.processTimers (node:internal/timers:541:7)
digest: "3581677559"
 GET /roadmaps/qa-testing/qa-t6 200 in 50ms
 ⨯ Internal error: Error: Element type is invalid: expected a string (for built-in components) or a class/function (for composite components) but got: undefined. You likely forgot to export your component from the file it's defined in, or you might have mixed up default and named imports.
    at aw (E:\skillproject\node_modules\next\dist\compiled\next-server\app-page.runtime.dev.js:35:46775)
    at aw (E:\skillproject\node_modules\next\dist\compiled\next-server\app-page.runtime.dev.js:35:46505)
    at a_ (E:\skillproject\node_modules\next\dist\compiled\next-server\app-page.runtime.dev.js:35:49776)
    at aj (E:\skillproject\node_modules\next\dist\compiled\next-server\app-page.runtime.dev.js:35:53793)
    at aC (E:\skillproject\node_modules\next\dist\compiled\next-server\app-page.runtime.dev.js:35:52874)
    at a_ (E:\skillproject\node_modules\next\dist\compiled\next-server\app-page.runtime.dev.js:35:50095)
    at aj (E:\skillproject\node_modules\next\dist\compiled\next-server\app-page.runtime.dev.js:35:53793)
    at E:\skillproject\node_modules\next\dist\compiled\next-server\app-page.runtime.dev.js:35:42336
    at aw (E:\skillproject\node_modules\next\dist\compiled\next-server\app-page.runtime.dev.js:35:42822)
    at a_ (E:\skillproject\node_modules\next\dist\compiled\next-server\app-page.runtime.dev.js:35:49776)
    at aj (E:\skillproject\node_modules\next\dist\compiled\next-server\app-page.runtime.dev.js:35:53793)
    at aC (E:\skillproject\node_modules\next\dist\compiled\next-server\app-page.runtime.dev.js:35:52874)
    at a_ (E:\skillproject\node_modules\next\dist\compiled\next-server\app-page.runtime.dev.js:35:50095)
    at aj (E:\skillproject\node_modules\next\dist\compiled\next-server\app-page.runtime.dev.js:35:53793)
    at E:\skillproject\node_modules\next\dist\compiled\next-server\app-page.runtime.dev.js:35:42336
    at aw (E:\skillproject\node_modules\next\dist\compiled\next-server\app-page.runtime.dev.js:35:42822)
    at a_ (E:\skillproject\node_modules\next\dist\compiled\next-server\app-page.runtime.dev.js:35:49776)
    at a_ (E:\skillproject\node_modules\next\dist\compiled\next-server\app-page.runtime.dev.js:35:50067)
    at E:\skillproject\node_modules\next\dist\compiled\next-server\app-page.runtime.dev.js:35:58612
    at E:\skillproject\node_modules\next\dist\compiled\next-server\app-page.runtime.dev.js:35:59270
    at aN (E:\skillproject\node_modules\next\dist\compiled\next-server\app-page.runtime.dev.js:35:59278)
    at Timeout._onTimeout (E:\skillproject\node_modules\next\dist\compiled\next-server\app-page.runtime.dev.js:35:6939)
    at listOnTimeout (node:internal/timers:605:17)
    at process.processTimers (node:internal/timers:541:7)
digest: "3581677559"
 GET /roadmaps/qa-testing/qa-t7 200 in 67ms
 ⨯ Internal error: Error: Element type is invalid: expected a string (for built-in components) or a class/function (for composite components) but got: undefined. You likely forgot to export your component from the file it's defined in, or you might have mixed up default and named imports.
    at aw (E:\skillproject\node_modules\next\dist\compiled\next-server\app-page.runtime.dev.js:35:46775)
    at aw (E:\skillproject\node_modules\next\dist\compiled\next-server\app-page.runtime.dev.js:35:46505)
    at a_ (E:\skillproject\node_modules\next\dist\compiled\next-server\app-page.runtime.dev.js:35:49776)
    at aj (E:\skillproject\node_modules\next\dist\compiled\next-server\app-page.runtime.dev.js:35:53793)
    at aC (E:\skillproject\node_modules\next\dist\compiled\next-server\app-page.runtime.dev.js:35:52874)
    at a_ (E:\skillproject\node_modules\next\dist\compiled\next-server\app-page.runtime.dev.js:35:50095)
    at aj (E:\skillproject\node_modules\next\dist\compiled\next-server\app-page.runtime.dev.js:35:53793)
    at E:\skillproject\node_modules\next\dist\compiled\next-server\app-page.runtime.dev.js:35:42336
    at aw (E:\skillproject\node_modules\next\dist\compiled\next-server\app-page.runtime.dev.js:35:42822)
    at a_ (E:\skillproject\node_modules\next\dist\compiled\next-server\app-page.runtime.dev.js:35:49776)
    at aj (E:\skillproject\node_modules\next\dist\compiled\next-server\app-page.runtime.dev.js:35:53793)
    at aC (E:\skillproject\node_modules\next\dist\compiled\next-server\app-page.runtime.dev.js:35:52874)
    at a_ (E:\skillproject\node_modules\next\dist\compiled\next-server\app-page.runtime.dev.js:35:50095)
    at aj (E:\skillproject\node_modules\next\dist\compiled\next-server\app-page.runtime.dev.js:35:53793)
    at E:\skillproject\node_modules\next\dist\compiled\next-server\app-page.runtime.dev.js:35:42336
    at aw (E:\skillproject\node_modules\next\dist\compiled\next-server\app-page.runtime.dev.js:35:42822)
    at a_ (E:\skillproject\node_modules\next\dist\compiled\next-server\app-page.runtime.dev.js:35:49776)
    at a_ (E:\skillproject\node_modules\next\dist\compiled\next-server\app-page.runtime.dev.js:35:50067)
    at E:\skillproject\node_modules\next\dist\compiled\next-server\app-page.runtime.dev.js:35:58612
    at E:\skillproject\node_modules\next\dist\compiled\next-server\app-page.runtime.dev.js:35:59270
    at aN (E:\skillproject\node_modules\next\dist\compiled\next-server\app-page.runtime.dev.js:35:59278)
    at Timeout._onTimeout (E:\skillproject\node_modules\next\dist\compiled\next-server\app-page.runtime.dev.js:35:6939)
    at listOnTimeout (node:internal/timers:605:17)
    at process.processTimers (node:internal/timers:541:7)
digest: "3581677559"
 GET /roadmaps/frontend-dev/fe-t9 200 in 49ms
 ⨯ Internal error: Error: Element type is invalid: expected a string (for built-in components) or a class/function (for composite components) but got: undefined. You likely forgot to export your component from the file it's defined in, or you might have mixed up default and named imports.
    at aw (E:\skillproject\node_modules\next\dist\compiled\next-server\app-page.runtime.dev.js:35:46775)
    at aw (E:\skillproject\node_modules\next\dist\compiled\next-server\app-page.runtime.dev.js:35:46505)
    at a_ (E:\skillproject\node_modules\next\dist\compiled\next-server\app-page.runtime.dev.js:35:49776)
    at aj (E:\skillproject\node_modules\next\dist\compiled\next-server\app-page.runtime.dev.js:35:53793)
    at aC (E:\skillproject\node_modules\next\dist\compiled\next-server\app-page.runtime.dev.js:35:52874)
    at a_ (E:\skillproject\node_modules\next\dist\compiled\next-server\app-page.runtime.dev.js:35:50095)
    at aj (E:\skillproject\node_modules\next\dist\compiled\next-server\app-page.runtime.dev.js:35:53793)
    at E:\skillproject\node_modules\next\dist\compiled\next-server\app-page.runtime.dev.js:35:42336
    at aw (E:\skillproject\node_modules\next\dist\compiled\next-server\app-page.runtime.dev.js:35:42822)
    at a_ (E:\skillproject\node_modules\next\dist\compiled\next-server\app-page.runtime.dev.js:35:49776)
    at aj (E:\skillproject\node_modules\next\dist\compiled\next-server\app-page.runtime.dev.js:35:53793)
    at aC (E:\skillproject\node_modules\next\dist\compiled\next-server\app-page.runtime.dev.js:35:52874)
    at a_ (E:\skillproject\node_modules\next\dist\compiled\next-server\app-page.runtime.dev.js:35:50095)
    at aj (E:\skillproject\node_modules\next\dist\compiled\next-server\app-page.runtime.dev.js:35:53793)
    at E:\skillproject\node_modules\next\dist\compiled\next-server\app-page.runtime.dev.js:35:42336
    at aw (E:\skillproject\node_modules\next\dist\compiled\next-server\app-page.runtime.dev.js:35:42822)
    at a_ (E:\skillproject\node_modules\next\dist\compiled\next-server\app-page.runtime.dev.js:35:49776)
    at a_ (E:\skillproject\node_modules\next\dist\compiled\next-server\app-page.runtime.dev.js:35:50067)
    at E:\skillproject\node_modules\next\dist\compiled\next-server\app-page.runtime.dev.js:35:58612
    at E:\skillproject\node_modules\next\dist\compiled\next-server\app-page.runtime.dev.js:35:59270
    at aN (E:\skillproject\node_modules\next\dist\compiled\next-server\app-page.runtime.dev.js:35:59278)
    at Timeout._onTimeout (E:\skillproject\node_modules\next\dist\compiled\next-server\app-page.runtime.dev.js:35:6939)
    at listOnTimeout (node:internal/timers:605:17)
    at process.processTimers (node:internal/timers:541:7)
digest: "3581677559"
 GET /roadmaps/backend-dev/be-t8 200 in 48ms
<w> [webpack.cache.PackFileCacheStrategy] Caching failed for pack: Error: ENOENT: no such file or directory, rename 'E:\skillproject\.next\cache\webpack\client-development\2.pack.gz_' -> 'E:\skillproject\.next\cache\webpack\client-development\2.pack.gz'
 ⨯ Internal error: Error: Element type is invalid: expected a string (for built-in components) or a class/function (for composite components) but got: undefined. You likely forgot to export your component from the file it's defined in, or you might have mixed up default and named imports.
    at aw (E:\skillproject\node_modules\next\dist\compiled\next-server\app-page.runtime.dev.js:35:46775)
    at aw (E:\skillproject\node_modules\next\dist\compiled\next-server\app-page.runtime.dev.js:35:46505)
    at a_ (E:\skillproject\node_modules\next\dist\compiled\next-server\app-page.runtime.dev.js:35:49776)
    at aj (E:\skillproject\node_modules\next\dist\compiled\next-server\app-page.runtime.dev.js:35:53793)
    at aC (E:\skillproject\node_modules\next\dist\compiled\next-server\app-page.runtime.dev.js:35:52874)
    at a_ (E:\skillproject\node_modules\next\dist\compiled\next-server\app-page.runtime.dev.js:35:50095)
    at aj (E:\skillproject\node_modules\next\dist\compiled\next-server\app-page.runtime.dev.js:35:53793)
    at E:\skillproject\node_modules\next\dist\compiled\next-server\app-page.runtime.dev.js:35:42336
    at aw (E:\skillproject\node_modules\next\dist\compiled\next-server\app-page.runtime.dev.js:35:42822)
    at a_ (E:\skillproject\node_modules\next\dist\compiled\next-server\app-page.runtime.dev.js:35:49776)
    at aj (E:\skillproject\node_modules\next\dist\compiled\next-server\app-page.runtime.dev.js:35:53793)
    at aC (E:\skillproject\node_modules\next\dist\compiled\next-server\app-page.runtime.dev.js:35:52874)
    at a_ (E:\skillproject\node_modules\next\dist\compiled\next-server\app-page.runtime.dev.js:35:50095)
    at aj (E:\skillproject\node_modules\next\dist\compiled\next-server\app-page.runtime.dev.js:35:53793)
    at E:\skillproject\node_modules\next\dist\compiled\next-server\app-page.runtime.dev.js:35:42336
    at aw (E:\skillproject\node_modules\next\dist\compiled\next-server\app-page.runtime.dev.js:35:42822)
    at a_ (E:\skillproject\node_modules\next\dist\compiled\next-server\app-page.runtime.dev.js:35:49776)
    at a_ (E:\skillproject\node_modules\next\dist\compiled\next-server\app-page.runtime.dev.js:35:50067)
    at E:\skillproject\node_modules\next\dist\compiled\next-server\app-page.runtime.dev.js:35:58612
    at E:\skillproject\node_modules\next\dist\compiled\next-server\app-page.runtime.dev.js:35:59270
    at aN (E:\skillproject\node_modules\next\dist\compiled\next-server\app-page.runtime.dev.js:35:59278)
    at Timeout._onTimeout (E:\skillproject\node_modules\next\dist\compiled\next-server\app-page.runtime.dev.js:35:6939)
    at listOnTimeout (node:internal/timers:605:17)
    at process.processTimers (node:internal/timers:541:7)
digest: "3581677559"
 GET /roadmaps/frontend-dev/fe-t1 200 in 91ms
 ⨯ Internal error: Error: Element type is invalid: expected a string (for built-in components) or a class/function (for composite components) but got: undefined. You likely forgot to export your component from the file it's defined in, or you might have mixed up default and named imports.
    at aw (E:\skillproject\node_modules\next\dist\compiled\next-server\app-page.runtime.dev.js:35:46775)
    at aw (E:\skillproject\node_modules\next\dist\compiled\next-server\app-page.runtime.dev.js:35:46505)
    at a_ (E:\skillproject\node_modules\next\dist\compiled\next-server\app-page.runtime.dev.js:35:49776)
    at aj (E:\skillproject\node_modules\next\dist\compiled\next-server\app-page.runtime.dev.js:35:53793)
    at aC (E:\skillproject\node_modules\next\dist\compiled\next-server\app-page.runtime.dev.js:35:52874)
    at a_ (E:\skillproject\node_modules\next\dist\compiled\next-server\app-page.runtime.dev.js:35:50095)
    at aj (E:\skillproject\node_modules\next\dist\compiled\next-server\app-page.runtime.dev.js:35:53793)
    at E:\skillproject\node_modules\next\dist\compiled\next-server\app-page.runtime.dev.js:35:42336
    at aw (E:\skillproject\node_modules\next\dist\compiled\next-server\app-page.runtime.dev.js:35:42822)
    at a_ (E:\skillproject\node_modules\next\dist\compiled\next-server\app-page.runtime.dev.js:35:49776)
    at aj (E:\skillproject\node_modules\next\dist\compiled\next-server\app-page.runtime.dev.js:35:53793)
    at aC (E:\skillproject\node_modules\next\dist\compiled\next-server\app-page.runtime.dev.js:35:52874)
    at a_ (E:\skillproject\node_modules\next\dist\compiled\next-server\app-page.runtime.dev.js:35:50095)
    at aj (E:\skillproject\node_modules\next\dist\compiled\next-server\app-page.runtime.dev.js:35:53793)
    at E:\skillproject\node_modules\next\dist\compiled\next-server\app-page.runtime.dev.js:35:42336
    at aw (E:\skillproject\node_modules\next\dist\compiled\next-server\app-page.runtime.dev.js:35:42822)
    at a_ (E:\skillproject\node_modules\next\dist\compiled\next-server\app-page.runtime.dev.js:35:49776)
    at a_ (E:\skillproject\node_modules\next\dist\compiled\next-server\app-page.runtime.dev.js:35:50067)
    at E:\skillproject\node_modules\next\dist\compiled\next-server\app-page.runtime.dev.js:35:58612
    at E:\skillproject\node_modules\next\dist\compiled\next-server\app-page.runtime.dev.js:35:59270
    at aN (E:\skillproject\node_modules\next\dist\compiled\next-server\app-page.runtime.dev.js:35:59278)
    at Timeout._onTimeout (E:\skillproject\node_modules\next\dist\compiled\next-server\app-page.runtime.dev.js:35:6939)
    at listOnTimeout (node:internal/timers:605:17)
    at process.processTimers (node:internal/timers:541:7)
digest: "3581677559"
 GET /roadmaps/frontend-dev/fe-t1 200 in 54ms
 ⨯ Internal error: Error: Element type is invalid: expected a string (for built-in components) or a class/function (for composite components) but got: undefined. You likely forgot to export your component from the file it's defined in, or you might have mixed up default and named imports.
    at aw (E:\skillproject\node_modules\next\dist\compiled\next-server\app-page.runtime.dev.js:35:46775)
    at aw (E:\skillproject\node_modules\next\dist\compiled\next-server\app-page.runtime.dev.js:35:46505)
    at a_ (E:\skillproject\node_modules\next\dist\compiled\next-server\app-page.runtime.dev.js:35:49776)
    at aj (E:\skillproject\node_modules\next\dist\compiled\next-server\app-page.runtime.dev.js:35:53793)
    at aC (E:\skillproject\node_modules\next\dist\compiled\next-server\app-page.runtime.dev.js:35:52874)
    at a_ (E:\skillproject\node_modules\next\dist\compiled\next-server\app-page.runtime.dev.js:35:50095)
    at aj (E:\skillproject\node_modules\next\dist\compiled\next-server\app-page.runtime.dev.js:35:53793)
    at E:\skillproject\node_modules\next\dist\compiled\next-server\app-page.runtime.dev.js:35:42336
    at aw (E:\skillproject\node_modules\next\dist\compiled\next-server\app-page.runtime.dev.js:35:42822)
    at a_ (E:\skillproject\node_modules\next\dist\compiled\next-server\app-page.runtime.dev.js:35:49776)
    at aj (E:\skillproject\node_modules\next\dist\compiled\next-server\app-page.runtime.dev.js:35:53793)
    at aC (E:\skillproject\node_modules\next\dist\compiled\next-server\app-page.runtime.dev.js:35:52874)
    at a_ (E:\skillproject\node_modules\next\dist\compiled\next-server\app-page.runtime.dev.js:35:50095)
    at aj (E:\skillproject\node_modules\next\dist\compiled\next-server\app-page.runtime.dev.js:35:53793)
    at E:\skillproject\node_modules\next\dist\compiled\next-server\app-page.runtime.dev.js:35:42336
    at aw (E:\skillproject\node_modules\next\dist\compiled\next-server\app-page.runtime.dev.js:35:42822)
    at a_ (E:\skillproject\node_modules\next\dist\compiled\next-server\app-page.runtime.dev.js:35:49776)
    at a_ (E:\skillproject\node_modules\next\dist\compiled\next-server\app-page.runtime.dev.js:35:50067)
    at E:\skillproject\node_modules\next\dist\compiled\next-server\app-page.runtime.dev.js:35:58612
    at E:\skillproject\node_modules\next\dist\compiled\next-server\app-page.runtime.dev.js:35:59270
    at aN (E:\skillproject\node_modules\next\dist\compiled\next-server\app-page.runtime.dev.js:35:59278)
    at Timeout._onTimeout (E:\skillproject\node_modules\next\dist\compiled\next-server\app-page.runtime.dev.js:35:6939)
    at listOnTimeout (node:internal/timers:605:17)
    at process.processTimers (node:internal/timers:541:7)
digest: "3581677559"
 GET /roadmaps/frontend-dev/fe-t5 200 in 47ms
 ⨯ Internal error: Error: Element type is invalid: expected a string (for built-in components) or a class/function (for composite components) but got: undefined. You likely forgot to export your component from the file it's defined in, or you might have mixed up default and named imports.
    at aw (E:\skillproject\node_modules\next\dist\compiled\next-server\app-page.runtime.dev.js:35:46775)
    at aw (E:\skillproject\node_modules\next\dist\compiled\next-server\app-page.runtime.dev.js:35:46505)
    at a_ (E:\skillproject\node_modules\next\dist\compiled\next-server\app-page.runtime.dev.js:35:49776)
    at aj (E:\skillproject\node_modules\next\dist\compiled\next-server\app-page.runtime.dev.js:35:53793)
    at aC (E:\skillproject\node_modules\next\dist\compiled\next-server\app-page.runtime.dev.js:35:52874)
    at a_ (E:\skillproject\node_modules\next\dist\compiled\next-server\app-page.runtime.dev.js:35:50095)
    at aj (E:\skillproject\node_modules\next\dist\compiled\next-server\app-page.runtime.dev.js:35:53793)
    at E:\skillproject\node_modules\next\dist\compiled\next-server\app-page.runtime.dev.js:35:42336
    at aw (E:\skillproject\node_modules\next\dist\compiled\next-server\app-page.runtime.dev.js:35:42822)
    at a_ (E:\skillproject\node_modules\next\dist\compiled\next-server\app-page.runtime.dev.js:35:49776)
    at aj (E:\skillproject\node_modules\next\dist\compiled\next-server\app-page.runtime.dev.js:35:53793)
    at aC (E:\skillproject\node_modules\next\dist\compiled\next-server\app-page.runtime.dev.js:35:52874)
    at a_ (E:\skillproject\node_modules\next\dist\compiled\next-server\app-page.runtime.dev.js:35:50095)
    at aj (E:\skillproject\node_modules\next\dist\compiled\next-server\app-page.runtime.dev.js:35:53793)
    at E:\skillproject\node_modules\next\dist\compiled\next-server\app-page.runtime.dev.js:35:42336
    at aw (E:\skillproject\node_modules\next\dist\compiled\next-server\app-page.runtime.dev.js:35:42822)
    at a_ (E:\skillproject\node_modules\next\dist\compiled\next-server\app-page.runtime.dev.js:35:49776)
    at a_ (E:\skillproject\node_modules\next\dist\compiled\next-server\app-page.runtime.dev.js:35:50067)
    at E:\skillproject\node_modules\next\dist\compiled\next-server\app-page.runtime.dev.js:35:58612
    at E:\skillproject\node_modules\next\dist\compiled\next-server\app-page.runtime.dev.js:35:59270
    at aN (E:\skillproject\node_modules\next\dist\compiled\next-server\app-page.runtime.dev.js:35:59278)
    at Timeout._onTimeout (E:\skillproject\node_modules\next\dist\compiled\next-server\app-page.runtime.dev.js:35:6939)
    at listOnTimeout (node:internal/timers:605:17)
    at process.processTimers (node:internal/timers:541:7)
digest: "3581677559"
 GET /roadmaps/frontend-dev/fe-t9 200 in 45ms
 ⨯ Internal error: Error: Element type is invalid: expected a string (for built-in components) or a class/function (for composite components) but got: undefined. You likely forgot to export your component from the file it's defined in, or you might have mixed up default and named imports.
    at aw (E:\skillproject\node_modules\next\dist\compiled\next-server\app-page.runtime.dev.js:35:46775)
    at aw (E:\skillproject\node_modules\next\dist\compiled\next-server\app-page.runtime.dev.js:35:46505)
    at a_ (E:\skillproject\node_modules\next\dist\compiled\next-server\app-page.runtime.dev.js:35:49776)
    at aj (E:\skillproject\node_modules\next\dist\compiled\next-server\app-page.runtime.dev.js:35:53793)
    at aC (E:\skillproject\node_modules\next\dist\compiled\next-server\app-page.runtime.dev.js:35:52874)
    at a_ (E:\skillproject\node_modules\next\dist\compiled\next-server\app-page.runtime.dev.js:35:50095)
    at aj (E:\skillproject\node_modules\next\dist\compiled\next-server\app-page.runtime.dev.js:35:53793)
    at E:\skillproject\node_modules\next\dist\compiled\next-server\app-page.runtime.dev.js:35:42336
    at aw (E:\skillproject\node_modules\next\dist\compiled\next-server\app-page.runtime.dev.js:35:42822)
    at a_ (E:\skillproject\node_modules\next\dist\compiled\next-server\app-page.runtime.dev.js:35:49776)
    at aj (E:\skillproject\node_modules\next\dist\compiled\next-server\app-page.runtime.dev.js:35:53793)
    at aC (E:\skillproject\node_modules\next\dist\compiled\next-server\app-page.runtime.dev.js:35:52874)
    at a_ (E:\skillproject\node_modules\next\dist\compiled\next-server\app-page.runtime.dev.js:35:50095)
    at aj (E:\skillproject\node_modules\next\dist\compiled\next-server\app-page.runtime.dev.js:35:53793)
    at E:\skillproject\node_modules\next\dist\compiled\next-server\app-page.runtime.dev.js:35:42336
    at aw (E:\skillproject\node_modules\next\dist\compiled\next-server\app-page.runtime.dev.js:35:42822)
    at a_ (E:\skillproject\node_modules\next\dist\compiled\next-server\app-page.runtime.dev.js:35:49776)
    at a_ (E:\skillproject\node_modules\next\dist\compiled\next-server\app-page.runtime.dev.js:35:50067)
    at E:\skillproject\node_modules\next\dist\compiled\next-server\app-page.runtime.dev.js:35:58612
    at E:\skillproject\node_modules\next\dist\compiled\next-server\app-page.runtime.dev.js:35:59270
    at aN (E:\skillproject\node_modules\next\dist\compiled\next-server\app-page.runtime.dev.js:35:59278)
    at Timeout._onTimeout (E:\skillproject\node_modules\next\dist\compiled\next-server\app-page.runtime.dev.js:35:6939)
    at listOnTimeout (node:internal/timers:605:17)
    at process.processTimers (node:internal/timers:541:7)
digest: "3581677559"
 GET /roadmaps/frontend-dev/fe-t13 200 in 34ms
 ⨯ Internal error: Error: Element type is invalid: expected a string (for built-in components) or a class/function (for composite components) but got: undefined. You likely forgot to export your component from the file it's defined in, or you might have mixed up default and named imports.
    at aw (E:\skillproject\node_modules\next\dist\compiled\next-server\app-page.runtime.dev.js:35:46775)
    at aw (E:\skillproject\node_modules\next\dist\compiled\next-server\app-page.runtime.dev.js:35:46505)
    at a_ (E:\skillproject\node_modules\next\dist\compiled\next-server\app-page.runtime.dev.js:35:49776)
    at aj (E:\skillproject\node_modules\next\dist\compiled\next-server\app-page.runtime.dev.js:35:53793)
    at aC (E:\skillproject\node_modules\next\dist\compiled\next-server\app-page.runtime.dev.js:35:52874)
    at a_ (E:\skillproject\node_modules\next\dist\compiled\next-server\app-page.runtime.dev.js:35:50095)
    at aj (E:\skillproject\node_modules\next\dist\compiled\next-server\app-page.runtime.dev.js:35:53793)
    at E:\skillproject\node_modules\next\dist\compiled\next-server\app-page.runtime.dev.js:35:42336
    at aw (E:\skillproject\node_modules\next\dist\compiled\next-server\app-page.runtime.dev.js:35:42822)
    at a_ (E:\skillproject\node_modules\next\dist\compiled\next-server\app-page.runtime.dev.js:35:49776)
    at aj (E:\skillproject\node_modules\next\dist\compiled\next-server\app-page.runtime.dev.js:35:53793)
    at aC (E:\skillproject\node_modules\next\dist\compiled\next-server\app-page.runtime.dev.js:35:52874)
    at a_ (E:\skillproject\node_modules\next\dist\compiled\next-server\app-page.runtime.dev.js:35:50095)
    at aj (E:\skillproject\node_modules\next\dist\compiled\next-server\app-page.runtime.dev.js:35:53793)
    at E:\skillproject\node_modules\next\dist\compiled\next-server\app-page.runtime.dev.js:35:42336
    at aw (E:\skillproject\node_modules\next\dist\compiled\next-server\app-page.runtime.dev.js:35:42822)
    at a_ (E:\skillproject\node_modules\next\dist\compiled\next-server\app-page.runtime.dev.js:35:49776)
    at a_ (E:\skillproject\node_modules\next\dist\compiled\next-server\app-page.runtime.dev.js:35:50067)
    at E:\skillproject\node_modules\next\dist\compiled\next-server\app-page.runtime.dev.js:35:58612
    at E:\skillproject\node_modules\next\dist\compiled\next-server\app-page.runtime.dev.js:35:59270
    at aN (E:\skillproject\node_modules\next\dist\compiled\next-server\app-page.runtime.dev.js:35:59278)
    at Timeout._onTimeout (E:\skillproject\node_modules\next\dist\compiled\next-server\app-page.runtime.dev.js:35:6939)
    at listOnTimeout (node:internal/timers:605:17)
    at process.processTimers (node:internal/timers:541:7)
digest: "3581677559"
 GET /roadmaps/frontend-dev/fe-t15 200 in 44ms
 ⨯ Internal error: Error: Element type is invalid: expected a string (for built-in components) or a class/function (for composite components) but got: undefined. You likely forgot to export your component from the file it's defined in, or you might have mixed up default and named imports.
    at aw (E:\skillproject\node_modules\next\dist\compiled\next-server\app-page.runtime.dev.js:35:46775)
    at aw (E:\skillproject\node_modules\next\dist\compiled\next-server\app-page.runtime.dev.js:35:46505)
    at a_ (E:\skillproject\node_modules\next\dist\compiled\next-server\app-page.runtime.dev.js:35:49776)
    at aj (E:\skillproject\node_modules\next\dist\compiled\next-server\app-page.runtime.dev.js:35:53793)
    at aC (E:\skillproject\node_modules\next\dist\compiled\next-server\app-page.runtime.dev.js:35:52874)
    at a_ (E:\skillproject\node_modules\next\dist\compiled\next-server\app-page.runtime.dev.js:35:50095)
    at aj (E:\skillproject\node_modules\next\dist\compiled\next-server\app-page.runtime.dev.js:35:53793)
    at E:\skillproject\node_modules\next\dist\compiled\next-server\app-page.runtime.dev.js:35:42336
    at aw (E:\skillproject\node_modules\next\dist\compiled\next-server\app-page.runtime.dev.js:35:42822)
    at a_ (E:\skillproject\node_modules\next\dist\compiled\next-server\app-page.runtime.dev.js:35:49776)
    at aj (E:\skillproject\node_modules\next\dist\compiled\next-server\app-page.runtime.dev.js:35:53793)
    at aC (E:\skillproject\node_modules\next\dist\compiled\next-server\app-page.runtime.dev.js:35:52874)
    at a_ (E:\skillproject\node_modules\next\dist\compiled\next-server\app-page.runtime.dev.js:35:50095)
    at aj (E:\skillproject\node_modules\next\dist\compiled\next-server\app-page.runtime.dev.js:35:53793)
    at E:\skillproject\node_modules\next\dist\compiled\next-server\app-page.runtime.dev.js:35:42336
    at aw (E:\skillproject\node_modules\next\dist\compiled\next-server\app-page.runtime.dev.js:35:42822)
    at a_ (E:\skillproject\node_modules\next\dist\compiled\next-server\app-page.runtime.dev.js:35:49776)
    at a_ (E:\skillproject\node_modules\next\dist\compiled\next-server\app-page.runtime.dev.js:35:50067)
    at E:\skillproject\node_modules\next\dist\compiled\next-server\app-page.runtime.dev.js:35:58612
    at E:\skillproject\node_modules\next\dist\compiled\next-server\app-page.runtime.dev.js:35:59270
    at aN (E:\skillproject\node_modules\next\dist\compiled\next-server\app-page.runtime.dev.js:35:59278)
    at Timeout._onTimeout (E:\skillproject\node_modules\next\dist\compiled\next-server\app-page.runtime.dev.js:35:6939)
    at listOnTimeout (node:internal/timers:605:17)
    at process.processTimers (node:internal/timers:541:7)
digest: "3581677559"
 GET /roadmaps/backend-dev/be-t4 200 in 64ms
 ⨯ Internal error: Error: Element type is invalid: expected a string (for built-in components) or a class/function (for composite components) but got: undefined. You likely forgot to export your component from the file it's defined in, or you might have mixed up default and named imports.
    at aw (E:\skillproject\node_modules\next\dist\compiled\next-server\app-page.runtime.dev.js:35:46775)
    at aw (E:\skillproject\node_modules\next\dist\compiled\next-server\app-page.runtime.dev.js:35:46505)
    at a_ (E:\skillproject\node_modules\next\dist\compiled\next-server\app-page.runtime.dev.js:35:49776)
    at aj (E:\skillproject\node_modules\next\dist\compiled\next-server\app-page.runtime.dev.js:35:53793)
    at aC (E:\skillproject\node_modules\next\dist\compiled\next-server\app-page.runtime.dev.js:35:52874)
    at a_ (E:\skillproject\node_modules\next\dist\compiled\next-server\app-page.runtime.dev.js:35:50095)
    at aj (E:\skillproject\node_modules\next\dist\compiled\next-server\app-page.runtime.dev.js:35:53793)
    at E:\skillproject\node_modules\next\dist\compiled\next-server\app-page.runtime.dev.js:35:42336
    at aw (E:\skillproject\node_modules\next\dist\compiled\next-server\app-page.runtime.dev.js:35:42822)
    at a_ (E:\skillproject\node_modules\next\dist\compiled\next-server\app-page.runtime.dev.js:35:49776)
    at aj (E:\skillproject\node_modules\next\dist\compiled\next-server\app-page.runtime.dev.js:35:53793)
    at aC (E:\skillproject\node_modules\next\dist\compiled\next-server\app-page.runtime.dev.js:35:52874)
    at a_ (E:\skillproject\node_modules\next\dist\compiled\next-server\app-page.runtime.dev.js:35:50095)
    at aj (E:\skillproject\node_modules\next\dist\compiled\next-server\app-page.runtime.dev.js:35:53793)
    at E:\skillproject\node_modules\next\dist\compiled\next-server\app-page.runtime.dev.js:35:42336
    at aw (E:\skillproject\node_modules\next\dist\compiled\next-server\app-page.runtime.dev.js:35:42822)
    at a_ (E:\skillproject\node_modules\next\dist\compiled\next-server\app-page.runtime.dev.js:35:49776)
    at a_ (E:\skillproject\node_modules\next\dist\compiled\next-server\app-page.runtime.dev.js:35:50067)
    at E:\skillproject\node_modules\next\dist\compiled\next-server\app-page.runtime.dev.js:35:58612
    at E:\skillproject\node_modules\next\dist\compiled\next-server\app-page.runtime.dev.js:35:59270
    at aN (E:\skillproject\node_modules\next\dist\compiled\next-server\app-page.runtime.dev.js:35:59278)
    at Timeout._onTimeout (E:\skillproject\node_modules\next\dist\compiled\next-server\app-page.runtime.dev.js:35:6939)
    at listOnTimeout (node:internal/timers:605:17)
    at process.processTimers (node:internal/timers:541:7)
digest: "3581677559"
 GET /roadmaps/backend-dev/be-t8 200 in 43ms
 ⨯ Internal error: Error: Element type is invalid: expected a string (for built-in components) or a class/function (for composite components) but got: undefined. You likely forgot to export your component from the file it's defined in, or you might have mixed up default and named imports.
    at aw (E:\skillproject\node_modules\next\dist\compiled\next-server\app-page.runtime.dev.js:35:46775)
    at aw (E:\skillproject\node_modules\next\dist\compiled\next-server\app-page.runtime.dev.js:35:46505)
    at a_ (E:\skillproject\node_modules\next\dist\compiled\next-server\app-page.runtime.dev.js:35:49776)
    at aj (E:\skillproject\node_modules\next\dist\compiled\next-server\app-page.runtime.dev.js:35:53793)
    at aC (E:\skillproject\node_modules\next\dist\compiled\next-server\app-page.runtime.dev.js:35:52874)
    at a_ (E:\skillproject\node_modules\next\dist\compiled\next-server\app-page.runtime.dev.js:35:50095)
    at aj (E:\skillproject\node_modules\next\dist\compiled\next-server\app-page.runtime.dev.js:35:53793)
    at E:\skillproject\node_modules\next\dist\compiled\next-server\app-page.runtime.dev.js:35:42336
    at aw (E:\skillproject\node_modules\next\dist\compiled\next-server\app-page.runtime.dev.js:35:42822)
    at a_ (E:\skillproject\node_modules\next\dist\compiled\next-server\app-page.runtime.dev.js:35:49776)
    at aj (E:\skillproject\node_modules\next\dist\compiled\next-server\app-page.runtime.dev.js:35:53793)
    at aC (E:\skillproject\node_modules\next\dist\compiled\next-server\app-page.runtime.dev.js:35:52874)
    at a_ (E:\skillproject\node_modules\next\dist\compiled\next-server\app-page.runtime.dev.js:35:50095)
    at aj (E:\skillproject\node_modules\next\dist\compiled\next-server\app-page.runtime.dev.js:35:53793)
    at E:\skillproject\node_modules\next\dist\compiled\next-server\app-page.runtime.dev.js:35:42336
    at aw (E:\skillproject\node_modules\next\dist\compiled\next-server\app-page.runtime.dev.js:35:42822)
    at a_ (E:\skillproject\node_modules\next\dist\compiled\next-server\app-page.runtime.dev.js:35:49776)
    at a_ (E:\skillproject\node_modules\next\dist\compiled\next-server\app-page.runtime.dev.js:35:50067)
    at E:\skillproject\node_modules\next\dist\compiled\next-server\app-page.runtime.dev.js:35:58612
    at E:\skillproject\node_modules\next\dist\compiled\next-server\app-page.runtime.dev.js:35:59270
    at aN (E:\skillproject\node_modules\next\dist\compiled\next-server\app-page.runtime.dev.js:35:59278)
    at Timeout._onTimeout (E:\skillproject\node_modules\next\dist\compiled\next-server\app-page.runtime.dev.js:35:6939)
    at listOnTimeout (node:internal/timers:605:17)
    at process.processTimers (node:internal/timers:541:7)
digest: "3581677559"
 GET /roadmaps/backend-dev/be-t12 200 in 41ms
 ⨯ Internal error: Error: Element type is invalid: expected a string (for built-in components) or a class/function (for composite components) but got: undefined. You likely forgot to export your component from the file it's defined in, or you might have mixed up default and named imports.
    at aw (E:\skillproject\node_modules\next\dist\compiled\next-server\app-page.runtime.dev.js:35:46775)
    at aw (E:\skillproject\node_modules\next\dist\compiled\next-server\app-page.runtime.dev.js:35:46505)
    at a_ (E:\skillproject\node_modules\next\dist\compiled\next-server\app-page.runtime.dev.js:35:49776)
    at aj (E:\skillproject\node_modules\next\dist\compiled\next-server\app-page.runtime.dev.js:35:53793)
    at aC (E:\skillproject\node_modules\next\dist\compiled\next-server\app-page.runtime.dev.js:35:52874)
    at a_ (E:\skillproject\node_modules\next\dist\compiled\next-server\app-page.runtime.dev.js:35:50095)
    at aj (E:\skillproject\node_modules\next\dist\compiled\next-server\app-page.runtime.dev.js:35:53793)
    at E:\skillproject\node_modules\next\dist\compiled\next-server\app-page.runtime.dev.js:35:42336
    at aw (E:\skillproject\node_modules\next\dist\compiled\next-server\app-page.runtime.dev.js:35:42822)
    at a_ (E:\skillproject\node_modules\next\dist\compiled\next-server\app-page.runtime.dev.js:35:49776)
    at aj (E:\skillproject\node_modules\next\dist\compiled\next-server\app-page.runtime.dev.js:35:53793)
    at aC (E:\skillproject\node_modules\next\dist\compiled\next-server\app-page.runtime.dev.js:35:52874)
    at a_ (E:\skillproject\node_modules\next\dist\compiled\next-server\app-page.runtime.dev.js:35:50095)
    at aj (E:\skillproject\node_modules\next\dist\compiled\next-server\app-page.runtime.dev.js:35:53793)
    at E:\skillproject\node_modules\next\dist\compiled\next-server\app-page.runtime.dev.js:35:42336
    at aw (E:\skillproject\node_modules\next\dist\compiled\next-server\app-page.runtime.dev.js:35:42822)
    at a_ (E:\skillproject\node_modules\next\dist\compiled\next-server\app-page.runtime.dev.js:35:49776)
    at a_ (E:\skillproject\node_modules\next\dist\compiled\next-server\app-page.runtime.dev.js:35:50067)
    at E:\skillproject\node_modules\next\dist\compiled\next-server\app-page.runtime.dev.js:35:58612
    at E:\skillproject\node_modules\next\dist\compiled\next-server\app-page.runtime.dev.js:35:59270
    at aN (E:\skillproject\node_modules\next\dist\compiled\next-server\app-page.runtime.dev.js:35:59278)
    at Timeout._onTimeout (E:\skillproject\node_modules\next\dist\compiled\next-server\app-page.runtime.dev.js:35:6939)
    at listOnTimeout (node:internal/timers:605:17)
    at process.processTimers (node:internal/timers:541:7)
digest: "3581677559"
 GET /roadmaps/data-analyst/da-t5 200 in 47ms
 ⨯ Internal error: Error: Element type is invalid: expected a string (for built-in components) or a class/function (for composite components) but got: undefined. You likely forgot to export your component from the file it's defined in, or you might have mixed up default and named imports.
    at aw (E:\skillproject\node_modules\next\dist\compiled\next-server\app-page.runtime.dev.js:35:46775)
    at aw (E:\skillproject\node_modules\next\dist\compiled\next-server\app-page.runtime.dev.js:35:46505)
    at a_ (E:\skillproject\node_modules\next\dist\compiled\next-server\app-page.runtime.dev.js:35:49776)
    at aj (E:\skillproject\node_modules\next\dist\compiled\next-server\app-page.runtime.dev.js:35:53793)
    at aC (E:\skillproject\node_modules\next\dist\compiled\next-server\app-page.runtime.dev.js:35:52874)
    at a_ (E:\skillproject\node_modules\next\dist\compiled\next-server\app-page.runtime.dev.js:35:50095)
    at aj (E:\skillproject\node_modules\next\dist\compiled\next-server\app-page.runtime.dev.js:35:53793)
    at E:\skillproject\node_modules\next\dist\compiled\next-server\app-page.runtime.dev.js:35:42336
    at aw (E:\skillproject\node_modules\next\dist\compiled\next-server\app-page.runtime.dev.js:35:42822)
    at a_ (E:\skillproject\node_modules\next\dist\compiled\next-server\app-page.runtime.dev.js:35:49776)
    at aj (E:\skillproject\node_modules\next\dist\compiled\next-server\app-page.runtime.dev.js:35:53793)
    at aC (E:\skillproject\node_modules\next\dist\compiled\next-server\app-page.runtime.dev.js:35:52874)
    at a_ (E:\skillproject\node_modules\next\dist\compiled\next-server\app-page.runtime.dev.js:35:50095)
    at aj (E:\skillproject\node_modules\next\dist\compiled\next-server\app-page.runtime.dev.js:35:53793)
    at E:\skillproject\node_modules\next\dist\compiled\next-server\app-page.runtime.dev.js:35:42336
    at aw (E:\skillproject\node_modules\next\dist\compiled\next-server\app-page.runtime.dev.js:35:42822)
    at a_ (E:\skillproject\node_modules\next\dist\compiled\next-server\app-page.runtime.dev.js:35:49776)
    at a_ (E:\skillproject\node_modules\next\dist\compiled\next-server\app-page.runtime.dev.js:35:50067)
    at E:\skillproject\node_modules\next\dist\compiled\next-server\app-page.runtime.dev.js:35:58612
    at E:\skillproject\node_modules\next\dist\compiled\next-server\app-page.runtime.dev.js:35:59270
    at aN (E:\skillproject\node_modules\next\dist\compiled\next-server\app-page.runtime.dev.js:35:59278)
    at Timeout._onTimeout (E:\skillproject\node_modules\next\dist\compiled\next-server\app-page.runtime.dev.js:35:6939)
    at listOnTimeout (node:internal/timers:605:17)
    at process.processTimers (node:internal/timers:541:7)
digest: "3581677559"
 GET /roadmaps/data-analyst/da-t8 200 in 56ms
 ⨯ Internal error: Error: Element type is invalid: expected a string (for built-in components) or a class/function (for composite components) but got: undefined. You likely forgot to export your component from the file it's defined in, or you might have mixed up default and named imports.
    at aw (E:\skillproject\node_modules\next\dist\compiled\next-server\app-page.runtime.dev.js:35:46775)
    at aw (E:\skillproject\node_modules\next\dist\compiled\next-server\app-page.runtime.dev.js:35:46505)
    at a_ (E:\skillproject\node_modules\next\dist\compiled\next-server\app-page.runtime.dev.js:35:49776)
    at aj (E:\skillproject\node_modules\next\dist\compiled\next-server\app-page.runtime.dev.js:35:53793)
    at aC (E:\skillproject\node_modules\next\dist\compiled\next-server\app-page.runtime.dev.js:35:52874)
    at a_ (E:\skillproject\node_modules\next\dist\compiled\next-server\app-page.runtime.dev.js:35:50095)
    at aj (E:\skillproject\node_modules\next\dist\compiled\next-server\app-page.runtime.dev.js:35:53793)
    at E:\skillproject\node_modules\next\dist\compiled\next-server\app-page.runtime.dev.js:35:42336
    at aw (E:\skillproject\node_modules\next\dist\compiled\next-server\app-page.runtime.dev.js:35:42822)
    at a_ (E:\skillproject\node_modules\next\dist\compiled\next-server\app-page.runtime.dev.js:35:49776)
    at aj (E:\skillproject\node_modules\next\dist\compiled\next-server\app-page.runtime.dev.js:35:53793)
    at aC (E:\skillproject\node_modules\next\dist\compiled\next-server\app-page.runtime.dev.js:35:52874)
    at a_ (E:\skillproject\node_modules\next\dist\compiled\next-server\app-page.runtime.dev.js:35:50095)
    at aj (E:\skillproject\node_modules\next\dist\compiled\next-server\app-page.runtime.dev.js:35:53793)
    at E:\skillproject\node_modules\next\dist\compiled\next-server\app-page.runtime.dev.js:35:42336
    at aw (E:\skillproject\node_modules\next\dist\compiled\next-server\app-page.runtime.dev.js:35:42822)
    at a_ (E:\skillproject\node_modules\next\dist\compiled\next-server\app-page.runtime.dev.js:35:49776)
    at a_ (E:\skillproject\node_modules\next\dist\compiled\next-server\app-page.runtime.dev.js:35:50067)
    at E:\skillproject\node_modules\next\dist\compiled\next-server\app-page.runtime.dev.js:35:58612
    at E:\skillproject\node_modules\next\dist\compiled\next-server\app-page.runtime.dev.js:35:59270
    at aN (E:\skillproject\node_modules\next\dist\compiled\next-server\app-page.runtime.dev.js:35:59278)
    at Timeout._onTimeout (E:\skillproject\node_modules\next\dist\compiled\next-server\app-page.runtime.dev.js:35:6939)
    at listOnTimeout (node:internal/timers:605:17)
    at process.processTimers (node:internal/timers:541:7)
digest: "3581677559"
 GET /roadmaps/qa-testing/qa-t4 200 in 43ms
 ⨯ Internal error: Error: Element type is invalid: expected a string (for built-in components) or a class/function (for composite components) but got: undefined. You likely forgot to export your component from the file it's defined in, or you might have mixed up default and named imports.
    at aw (E:\skillproject\node_modules\next\dist\compiled\next-server\app-page.runtime.dev.js:35:46775)
    at aw (E:\skillproject\node_modules\next\dist\compiled\next-server\app-page.runtime.dev.js:35:46505)
    at a_ (E:\skillproject\node_modules\next\dist\compiled\next-server\app-page.runtime.dev.js:35:49776)
    at aj (E:\skillproject\node_modules\next\dist\compiled\next-server\app-page.runtime.dev.js:35:53793)
    at aC (E:\skillproject\node_modules\next\dist\compiled\next-server\app-page.runtime.dev.js:35:52874)
    at a_ (E:\skillproject\node_modules\next\dist\compiled\next-server\app-page.runtime.dev.js:35:50095)
    at aj (E:\skillproject\node_modules\next\dist\compiled\next-server\app-page.runtime.dev.js:35:53793)
    at E:\skillproject\node_modules\next\dist\compiled\next-server\app-page.runtime.dev.js:35:42336
    at aw (E:\skillproject\node_modules\next\dist\compiled\next-server\app-page.runtime.dev.js:35:42822)
    at a_ (E:\skillproject\node_modules\next\dist\compiled\next-server\app-page.runtime.dev.js:35:49776)
    at aj (E:\skillproject\node_modules\next\dist\compiled\next-server\app-page.runtime.dev.js:35:53793)
    at aC (E:\skillproject\node_modules\next\dist\compiled\next-server\app-page.runtime.dev.js:35:52874)
    at a_ (E:\skillproject\node_modules\next\dist\compiled\next-server\app-page.runtime.dev.js:35:50095)
    at aj (E:\skillproject\node_modules\next\dist\compiled\next-server\app-page.runtime.dev.js:35:53793)
    at E:\skillproject\node_modules\next\dist\compiled\next-server\app-page.runtime.dev.js:35:42336
    at aw (E:\skillproject\node_modules\next\dist\compiled\next-server\app-page.runtime.dev.js:35:42822)
    at a_ (E:\skillproject\node_modules\next\dist\compiled\next-server\app-page.runtime.dev.js:35:49776)
    at a_ (E:\skillproject\node_modules\next\dist\compiled\next-server\app-page.runtime.dev.js:35:50067)
    at E:\skillproject\node_modules\next\dist\compiled\next-server\app-page.runtime.dev.js:35:58612
    at E:\skillproject\node_modules\next\dist\compiled\next-server\app-page.runtime.dev.js:35:59270
    at aN (E:\skillproject\node_modules\next\dist\compiled\next-server\app-page.runtime.dev.js:35:59278)
    at Timeout._onTimeout (E:\skillproject\node_modules\next\dist\compiled\next-server\app-page.runtime.dev.js:35:6939)
    at listOnTimeout (node:internal/timers:605:17)
    at process.processTimers (node:internal/timers:541:7)
digest: "3581677559"
 GET /roadmaps/qa-testing/qa-t7 200 in 61ms
 ⨯ Internal error: Error: Element type is invalid: expected a string (for built-in components) or a class/function (for composite components) but got: undefined. You likely forgot to export your component from the file it's defined in, or you might have mixed up default and named imports.
    at aw (E:\skillproject\node_modules\next\dist\compiled\next-server\app-page.runtime.dev.js:35:46775)
    at aw (E:\skillproject\node_modules\next\dist\compiled\next-server\app-page.runtime.dev.js:35:46505)
    at a_ (E:\skillproject\node_modules\next\dist\compiled\next-server\app-page.runtime.dev.js:35:49776)
    at aj (E:\skillproject\node_modules\next\dist\compiled\next-server\app-page.runtime.dev.js:35:53793)
    at aC (E:\skillproject\node_modules\next\dist\compiled\next-server\app-page.runtime.dev.js:35:52874)
    at a_ (E:\skillproject\node_modules\next\dist\compiled\next-server\app-page.runtime.dev.js:35:50095)
    at aj (E:\skillproject\node_modules\next\dist\compiled\next-server\app-page.runtime.dev.js:35:53793)
    at E:\skillproject\node_modules\next\dist\compiled\next-server\app-page.runtime.dev.js:35:42336
    at aw (E:\skillproject\node_modules\next\dist\compiled\next-server\app-page.runtime.dev.js:35:42822)
    at a_ (E:\skillproject\node_modules\next\dist\compiled\next-server\app-page.runtime.dev.js:35:49776)
    at aj (E:\skillproject\node_modules\next\dist\compiled\next-server\app-page.runtime.dev.js:35:53793)
    at aC (E:\skillproject\node_modules\next\dist\compiled\next-server\app-page.runtime.dev.js:35:52874)
    at a_ (E:\skillproject\node_modules\next\dist\compiled\next-server\app-page.runtime.dev.js:35:50095)
    at aj (E:\skillproject\node_modules\next\dist\compiled\next-server\app-page.runtime.dev.js:35:53793)
    at E:\skillproject\node_modules\next\dist\compiled\next-server\app-page.runtime.dev.js:35:42336
    at aw (E:\skillproject\node_modules\next\dist\compiled\next-server\app-page.runtime.dev.js:35:42822)
    at a_ (E:\skillproject\node_modules\next\dist\compiled\next-server\app-page.runtime.dev.js:35:49776)
    at a_ (E:\skillproject\node_modules\next\dist\compiled\next-server\app-page.runtime.dev.js:35:50067)
    at E:\skillproject\node_modules\next\dist\compiled\next-server\app-page.runtime.dev.js:35:58612
    at E:\skillproject\node_modules\next\dist\compiled\next-server\app-page.runtime.dev.js:35:59270
    at aN (E:\skillproject\node_modules\next\dist\compiled\next-server\app-page.runtime.dev.js:35:59278)
    at Timeout._onTimeout (E:\skillproject\node_modules\next\dist\compiled\next-server\app-page.runtime.dev.js:35:6939)
    at listOnTimeout (node:internal/timers:605:17)
    at process.processTimers (node:internal/timers:541:7)
digest: "3581677559"
 GET /roadmaps/frontend-dev/fe-t1 200 in 72ms
 ⨯ Internal error: Error: Element type is invalid: expected a string (for built-in components) or a class/function (for composite components) but got: undefined. You likely forgot to export your component from the file it's defined in, or you might have mixed up default and named imports.
    at aw (E:\skillproject\node_modules\next\dist\compiled\next-server\app-page.runtime.dev.js:35:46775)
    at aw (E:\skillproject\node_modules\next\dist\compiled\next-server\app-page.runtime.dev.js:35:46505)
    at a_ (E:\skillproject\node_modules\next\dist\compiled\next-server\app-page.runtime.dev.js:35:49776)
    at aj (E:\skillproject\node_modules\next\dist\compiled\next-server\app-page.runtime.dev.js:35:53793)
    at aC (E:\skillproject\node_modules\next\dist\compiled\next-server\app-page.runtime.dev.js:35:52874)
    at a_ (E:\skillproject\node_modules\next\dist\compiled\next-server\app-page.runtime.dev.js:35:50095)
    at aj (E:\skillproject\node_modules\next\dist\compiled\next-server\app-page.runtime.dev.js:35:53793)
    at E:\skillproject\node_modules\next\dist\compiled\next-server\app-page.runtime.dev.js:35:42336
    at aw (E:\skillproject\node_modules\next\dist\compiled\next-server\app-page.runtime.dev.js:35:42822)
    at a_ (E:\skillproject\node_modules\next\dist\compiled\next-server\app-page.runtime.dev.js:35:49776)
    at aj (E:\skillproject\node_modules\next\dist\compiled\next-server\app-page.runtime.dev.js:35:53793)
    at aC (E:\skillproject\node_modules\next\dist\compiled\next-server\app-page.runtime.dev.js:35:52874)
    at a_ (E:\skillproject\node_modules\next\dist\compiled\next-server\app-page.runtime.dev.js:35:50095)
    at aj (E:\skillproject\node_modules\next\dist\compiled\next-server\app-page.runtime.dev.js:35:53793)
    at E:\skillproject\node_modules\next\dist\compiled\next-server\app-page.runtime.dev.js:35:42336
    at aw (E:\skillproject\node_modules\next\dist\compiled\next-server\app-page.runtime.dev.js:35:42822)
    at a_ (E:\skillproject\node_modules\next\dist\compiled\next-server\app-page.runtime.dev.js:35:49776)
    at a_ (E:\skillproject\node_modules\next\dist\compiled\next-server\app-page.runtime.dev.js:35:50067)
    at E:\skillproject\node_modules\next\dist\compiled\next-server\app-page.runtime.dev.js:35:58612
    at E:\skillproject\node_modules\next\dist\compiled\next-server\app-page.runtime.dev.js:35:59270
    at aN (E:\skillproject\node_modules\next\dist\compiled\next-server\app-page.runtime.dev.js:35:59278)
    at Timeout._onTimeout (E:\skillproject\node_modules\next\dist\compiled\next-server\app-page.runtime.dev.js:35:6939)
    at listOnTimeout (node:internal/timers:605:17)
    at process.processTimers (node:internal/timers:541:7)
digest: "3581677559"
 GET /roadmaps/backend-dev/be-t1 200 in 57ms
 ⨯ Internal error: Error: Element type is invalid: expected a string (for built-in components) or a class/function (for composite components) but got: undefined. You likely forgot to export your component from the file it's defined in, or you might have mixed up default and named imports.
    at aw (E:\skillproject\node_modules\next\dist\compiled\next-server\app-page.runtime.dev.js:35:46775)
    at aw (E:\skillproject\node_modules\next\dist\compiled\next-server\app-page.runtime.dev.js:35:46505)
    at a_ (E:\skillproject\node_modules\next\dist\compiled\next-server\app-page.runtime.dev.js:35:49776)
    at aj (E:\skillproject\node_modules\next\dist\compiled\next-server\app-page.runtime.dev.js:35:53793)
    at aC (E:\skillproject\node_modules\next\dist\compiled\next-server\app-page.runtime.dev.js:35:52874)
    at a_ (E:\skillproject\node_modules\next\dist\compiled\next-server\app-page.runtime.dev.js:35:50095)
    at aj (E:\skillproject\node_modules\next\dist\compiled\next-server\app-page.runtime.dev.js:35:53793)
    at E:\skillproject\node_modules\next\dist\compiled\next-server\app-page.runtime.dev.js:35:42336
    at aw (E:\skillproject\node_modules\next\dist\compiled\next-server\app-page.runtime.dev.js:35:42822)
    at a_ (E:\skillproject\node_modules\next\dist\compiled\next-server\app-page.runtime.dev.js:35:49776)
    at aj (E:\skillproject\node_modules\next\dist\compiled\next-server\app-page.runtime.dev.js:35:53793)
    at aC (E:\skillproject\node_modules\next\dist\compiled\next-server\app-page.runtime.dev.js:35:52874)
    at a_ (E:\skillproject\node_modules\next\dist\compiled\next-server\app-page.runtime.dev.js:35:50095)
    at aj (E:\skillproject\node_modules\next\dist\compiled\next-server\app-page.runtime.dev.js:35:53793)
    at E:\skillproject\node_modules\next\dist\compiled\next-server\app-page.runtime.dev.js:35:42336
    at aw (E:\skillproject\node_modules\next\dist\compiled\next-server\app-page.runtime.dev.js:35:42822)
    at a_ (E:\skillproject\node_modules\next\dist\compiled\next-server\app-page.runtime.dev.js:35:49776)
    at a_ (E:\skillproject\node_modules\next\dist\compiled\next-server\app-page.runtime.dev.js:35:50067)
    at E:\skillproject\node_modules\next\dist\compiled\next-server\app-page.runtime.dev.js:35:58612
    at E:\skillproject\node_modules\next\dist\compiled\next-server\app-page.runtime.dev.js:35:59270
    at aN (E:\skillproject\node_modules\next\dist\compiled\next-server\app-page.runtime.dev.js:35:59278)
    at Timeout._onTimeout (E:\skillproject\node_modules\next\dist\compiled\next-server\app-page.runtime.dev.js:35:6939)
    at listOnTimeout (node:internal/timers:605:17)
    at process.processTimers (node:internal/timers:541:7)
digest: "3581677559"
 GET /roadmaps/backend-dev/be-t10 200 in 38ms
 ⨯ Internal error: Error: Element type is invalid: expected a string (for built-in components) or a class/function (for composite components) but got: undefined. You likely forgot to export your component from the file it's defined in, or you might have mixed up default and named imports.
    at aw (E:\skillproject\node_modules\next\dist\compiled\next-server\app-page.runtime.dev.js:35:46775)
    at aw (E:\skillproject\node_modules\next\dist\compiled\next-server\app-page.runtime.dev.js:35:46505)
    at a_ (E:\skillproject\node_modules\next\dist\compiled\next-server\app-page.runtime.dev.js:35:49776)
    at aj (E:\skillproject\node_modules\next\dist\compiled\next-server\app-page.runtime.dev.js:35:53793)
    at aC (E:\skillproject\node_modules\next\dist\compiled\next-server\app-page.runtime.dev.js:35:52874)
    at a_ (E:\skillproject\node_modules\next\dist\compiled\next-server\app-page.runtime.dev.js:35:50095)
    at aj (E:\skillproject\node_modules\next\dist\compiled\next-server\app-page.runtime.dev.js:35:53793)
    at E:\skillproject\node_modules\next\dist\compiled\next-server\app-page.runtime.dev.js:35:42336
    at aw (E:\skillproject\node_modules\next\dist\compiled\next-server\app-page.runtime.dev.js:35:42822)
    at a_ (E:\skillproject\node_modules\next\dist\compiled\next-server\app-page.runtime.dev.js:35:49776)
    at aj (E:\skillproject\node_modules\next\dist\compiled\next-server\app-page.runtime.dev.js:35:53793)
    at aC (E:\skillproject\node_modules\next\dist\compiled\next-server\app-page.runtime.dev.js:35:52874)
    at a_ (E:\skillproject\node_modules\next\dist\compiled\next-server\app-page.runtime.dev.js:35:50095)
    at aj (E:\skillproject\node_modules\next\dist\compiled\next-server\app-page.runtime.dev.js:35:53793)
    at E:\skillproject\node_modules\next\dist\compiled\next-server\app-page.runtime.dev.js:35:42336
    at aw (E:\skillproject\node_modules\next\dist\compiled\next-server\app-page.runtime.dev.js:35:42822)
    at a_ (E:\skillproject\node_modules\next\dist\compiled\next-server\app-page.runtime.dev.js:35:49776)
    at a_ (E:\skillproject\node_modules\next\dist\compiled\next-server\app-page.runtime.dev.js:35:50067)
    at E:\skillproject\node_modules\next\dist\compiled\next-server\app-page.runtime.dev.js:35:58612
    at E:\skillproject\node_modules\next\dist\compiled\next-server\app-page.runtime.dev.js:35:59270
    at aN (E:\skillproject\node_modules\next\dist\compiled\next-server\app-page.runtime.dev.js:35:59278)
    at Timeout._onTimeout (E:\skillproject\node_modules\next\dist\compiled\next-server\app-page.runtime.dev.js:35:6939)
    at listOnTimeout (node:internal/timers:605:17)
    at process.processTimers (node:internal/timers:541:7)
digest: "3581677559"
 GET /roadmaps/backend-dev/be-t11 200 in 56ms
 ⨯ Internal error: Error: Element type is invalid: expected a string (for built-in components) or a class/function (for composite components) but got: undefined. You likely forgot to export your component from the file it's defined in, or you might have mixed up default and named imports.
    at aw (E:\skillproject\node_modules\next\dist\compiled\next-server\app-page.runtime.dev.js:35:46775)
    at aw (E:\skillproject\node_modules\next\dist\compiled\next-server\app-page.runtime.dev.js:35:46505)
    at a_ (E:\skillproject\node_modules\next\dist\compiled\next-server\app-page.runtime.dev.js:35:49776)
    at aj (E:\skillproject\node_modules\next\dist\compiled\next-server\app-page.runtime.dev.js:35:53793)
    at aC (E:\skillproject\node_modules\next\dist\compiled\next-server\app-page.runtime.dev.js:35:52874)
    at a_ (E:\skillproject\node_modules\next\dist\compiled\next-server\app-page.runtime.dev.js:35:50095)
    at aj (E:\skillproject\node_modules\next\dist\compiled\next-server\app-page.runtime.dev.js:35:53793)
    at E:\skillproject\node_modules\next\dist\compiled\next-server\app-page.runtime.dev.js:35:42336
    at aw (E:\skillproject\node_modules\next\dist\compiled\next-server\app-page.runtime.dev.js:35:42822)
    at a_ (E:\skillproject\node_modules\next\dist\compiled\next-server\app-page.runtime.dev.js:35:49776)
    at aj (E:\skillproject\node_modules\next\dist\compiled\next-server\app-page.runtime.dev.js:35:53793)
    at aC (E:\skillproject\node_modules\next\dist\compiled\next-server\app-page.runtime.dev.js:35:52874)
    at a_ (E:\skillproject\node_modules\next\dist\compiled\next-server\app-page.runtime.dev.js:35:50095)
    at aj (E:\skillproject\node_modules\next\dist\compiled\next-server\app-page.runtime.dev.js:35:53793)
    at E:\skillproject\node_modules\next\dist\compiled\next-server\app-page.runtime.dev.js:35:42336
    at aw (E:\skillproject\node_modules\next\dist\compiled\next-server\app-page.runtime.dev.js:35:42822)
    at a_ (E:\skillproject\node_modules\next\dist\compiled\next-server\app-page.runtime.dev.js:35:49776)
    at a_ (E:\skillproject\node_modules\next\dist\compiled\next-server\app-page.runtime.dev.js:35:50067)
    at E:\skillproject\node_modules\next\dist\compiled\next-server\app-page.runtime.dev.js:35:58612
    at E:\skillproject\node_modules\next\dist\compiled\next-server\app-page.runtime.dev.js:35:59270
    at aN (E:\skillproject\node_modules\next\dist\compiled\next-server\app-page.runtime.dev.js:35:59278)
    at Timeout._onTimeout (E:\skillproject\node_modules\next\dist\compiled\next-server\app-page.runtime.dev.js:35:6939)
    at listOnTimeout (node:internal/timers:605:17)
    at process.processTimers (node:internal/timers:541:7)
digest: "3581677559"
 GET /roadmaps/backend-dev/be-t12 200 in 60ms
 ⨯ Internal error: Error: Element type is invalid: expected a string (for built-in components) or a class/function (for composite components) but got: undefined. You likely forgot to export your component from the file it's defined in, or you might have mixed up default and named imports.
    at aw (E:\skillproject\node_modules\next\dist\compiled\next-server\app-page.runtime.dev.js:35:46775)
    at aw (E:\skillproject\node_modules\next\dist\compiled\next-server\app-page.runtime.dev.js:35:46505)
    at a_ (E:\skillproject\node_modules\next\dist\compiled\next-server\app-page.runtime.dev.js:35:49776)
    at aj (E:\skillproject\node_modules\next\dist\compiled\next-server\app-page.runtime.dev.js:35:53793)
    at aC (E:\skillproject\node_modules\next\dist\compiled\next-server\app-page.runtime.dev.js:35:52874)
    at a_ (E:\skillproject\node_modules\next\dist\compiled\next-server\app-page.runtime.dev.js:35:50095)
    at aj (E:\skillproject\node_modules\next\dist\compiled\next-server\app-page.runtime.dev.js:35:53793)
    at E:\skillproject\node_modules\next\dist\compiled\next-server\app-page.runtime.dev.js:35:42336
    at aw (E:\skillproject\node_modules\next\dist\compiled\next-server\app-page.runtime.dev.js:35:42822)
    at a_ (E:\skillproject\node_modules\next\dist\compiled\next-server\app-page.runtime.dev.js:35:49776)
    at aj (E:\skillproject\node_modules\next\dist\compiled\next-server\app-page.runtime.dev.js:35:53793)
    at aC (E:\skillproject\node_modules\next\dist\compiled\next-server\app-page.runtime.dev.js:35:52874)
    at a_ (E:\skillproject\node_modules\next\dist\compiled\next-server\app-page.runtime.dev.js:35:50095)
    at aj (E:\skillproject\node_modules\next\dist\compiled\next-server\app-page.runtime.dev.js:35:53793)
    at E:\skillproject\node_modules\next\dist\compiled\next-server\app-page.runtime.dev.js:35:42336
    at aw (E:\skillproject\node_modules\next\dist\compiled\next-server\app-page.runtime.dev.js:35:42822)
    at a_ (E:\skillproject\node_modules\next\dist\compiled\next-server\app-page.runtime.dev.js:35:49776)
    at a_ (E:\skillproject\node_modules\next\dist\compiled\next-server\app-page.runtime.dev.js:35:50067)
    at E:\skillproject\node_modules\next\dist\compiled\next-server\app-page.runtime.dev.js:35:58612
    at E:\skillproject\node_modules\next\dist\compiled\next-server\app-page.runtime.dev.js:35:59270
    at aN (E:\skillproject\node_modules\next\dist\compiled\next-server\app-page.runtime.dev.js:35:59278)
    at Timeout._onTimeout (E:\skillproject\node_modules\next\dist\compiled\next-server\app-page.runtime.dev.js:35:6939)
    at listOnTimeout (node:internal/timers:605:17)
    at process.processTimers (node:internal/timers:541:7)
digest: "3581677559"
 GET /roadmaps/backend-dev/be-t2 200 in 56ms
 ⨯ Internal error: Error: Element type is invalid: expected a string (for built-in components) or a class/function (for composite components) but got: undefined. You likely forgot to export your component from the file it's defined in, or you might have mixed up default and named imports.
    at aw (E:\skillproject\node_modules\next\dist\compiled\next-server\app-page.runtime.dev.js:35:46775)
    at aw (E:\skillproject\node_modules\next\dist\compiled\next-server\app-page.runtime.dev.js:35:46505)
    at a_ (E:\skillproject\node_modules\next\dist\compiled\next-server\app-page.runtime.dev.js:35:49776)
    at aj (E:\skillproject\node_modules\next\dist\compiled\next-server\app-page.runtime.dev.js:35:53793)
    at aC (E:\skillproject\node_modules\next\dist\compiled\next-server\app-page.runtime.dev.js:35:52874)
    at a_ (E:\skillproject\node_modules\next\dist\compiled\next-server\app-page.runtime.dev.js:35:50095)
    at aj (E:\skillproject\node_modules\next\dist\compiled\next-server\app-page.runtime.dev.js:35:53793)
    at E:\skillproject\node_modules\next\dist\compiled\next-server\app-page.runtime.dev.js:35:42336
    at aw (E:\skillproject\node_modules\next\dist\compiled\next-server\app-page.runtime.dev.js:35:42822)
    at a_ (E:\skillproject\node_modules\next\dist\compiled\next-server\app-page.runtime.dev.js:35:49776)
    at aj (E:\skillproject\node_modules\next\dist\compiled\next-server\app-page.runtime.dev.js:35:53793)
    at aC (E:\skillproject\node_modules\next\dist\compiled\next-server\app-page.runtime.dev.js:35:52874)
    at a_ (E:\skillproject\node_modules\next\dist\compiled\next-server\app-page.runtime.dev.js:35:50095)
    at aj (E:\skillproject\node_modules\next\dist\compiled\next-server\app-page.runtime.dev.js:35:53793)
    at E:\skillproject\node_modules\next\dist\compiled\next-server\app-page.runtime.dev.js:35:42336
    at aw (E:\skillproject\node_modules\next\dist\compiled\next-server\app-page.runtime.dev.js:35:42822)
    at a_ (E:\skillproject\node_modules\next\dist\compiled\next-server\app-page.runtime.dev.js:35:49776)
    at a_ (E:\skillproject\node_modules\next\dist\compiled\next-server\app-page.runtime.dev.js:35:50067)
    at E:\skillproject\node_modules\next\dist\compiled\next-server\app-page.runtime.dev.js:35:58612
    at E:\skillproject\node_modules\next\dist\compiled\next-server\app-page.runtime.dev.js:35:59270
    at aN (E:\skillproject\node_modules\next\dist\compiled\next-server\app-page.runtime.dev.js:35:59278)
    at Timeout._onTimeout (E:\skillproject\node_modules\next\dist\compiled\next-server\app-page.runtime.dev.js:35:6939)
    at listOnTimeout (node:internal/timers:605:17)
    at process.processTimers (node:internal/timers:541:7)
digest: "3581677559"
 GET /roadmaps/backend-dev/be-t3 200 in 32ms
 ⨯ Internal error: Error: Element type is invalid: expected a string (for built-in components) or a class/function (for composite components) but got: undefined. You likely forgot to export your component from the file it's defined in, or you might have mixed up default and named imports.
    at aw (E:\skillproject\node_modules\next\dist\compiled\next-server\app-page.runtime.dev.js:35:46775)
    at aw (E:\skillproject\node_modules\next\dist\compiled\next-server\app-page.runtime.dev.js:35:46505)
    at a_ (E:\skillproject\node_modules\next\dist\compiled\next-server\app-page.runtime.dev.js:35:49776)
    at aj (E:\skillproject\node_modules\next\dist\compiled\next-server\app-page.runtime.dev.js:35:53793)
    at aC (E:\skillproject\node_modules\next\dist\compiled\next-server\app-page.runtime.dev.js:35:52874)
    at a_ (E:\skillproject\node_modules\next\dist\compiled\next-server\app-page.runtime.dev.js:35:50095)
    at aj (E:\skillproject\node_modules\next\dist\compiled\next-server\app-page.runtime.dev.js:35:53793)
    at E:\skillproject\node_modules\next\dist\compiled\next-server\app-page.runtime.dev.js:35:42336
    at aw (E:\skillproject\node_modules\next\dist\compiled\next-server\app-page.runtime.dev.js:35:42822)
    at a_ (E:\skillproject\node_modules\next\dist\compiled\next-server\app-page.runtime.dev.js:35:49776)
    at aj (E:\skillproject\node_modules\next\dist\compiled\next-server\app-page.runtime.dev.js:35:53793)
    at aC (E:\skillproject\node_modules\next\dist\compiled\next-server\app-page.runtime.dev.js:35:52874)
    at a_ (E:\skillproject\node_modules\next\dist\compiled\next-server\app-page.runtime.dev.js:35:50095)
    at aj (E:\skillproject\node_modules\next\dist\compiled\next-server\app-page.runtime.dev.js:35:53793)
    at E:\skillproject\node_modules\next\dist\compiled\next-server\app-page.runtime.dev.js:35:42336
    at aw (E:\skillproject\node_modules\next\dist\compiled\next-server\app-page.runtime.dev.js:35:42822)
    at a_ (E:\skillproject\node_modules\next\dist\compiled\next-server\app-page.runtime.dev.js:35:49776)
    at a_ (E:\skillproject\node_modules\next\dist\compiled\next-server\app-page.runtime.dev.js:35:50067)
    at E:\skillproject\node_modules\next\dist\compiled\next-server\app-page.runtime.dev.js:35:58612
    at E:\skillproject\node_modules\next\dist\compiled\next-server\app-page.runtime.dev.js:35:59270
    at aN (E:\skillproject\node_modules\next\dist\compiled\next-server\app-page.runtime.dev.js:35:59278)
    at Timeout._onTimeout (E:\skillproject\node_modules\next\dist\compiled\next-server\app-page.runtime.dev.js:35:6939)
    at listOnTimeout (node:internal/timers:605:17)
    at process.processTimers (node:internal/timers:541:7)
digest: "3581677559"
 GET /roadmaps/backend-dev/be-t4 200 in 78ms
 ⨯ Internal error: Error: Element type is invalid: expected a string (for built-in components) or a class/function (for composite components) but got: undefined. You likely forgot to export your component from the file it's defined in, or you might have mixed up default and named imports.
    at aw (E:\skillproject\node_modules\next\dist\compiled\next-server\app-page.runtime.dev.js:35:46775)
    at aw (E:\skillproject\node_modules\next\dist\compiled\next-server\app-page.runtime.dev.js:35:46505)
    at a_ (E:\skillproject\node_modules\next\dist\compiled\next-server\app-page.runtime.dev.js:35:49776)
    at aj (E:\skillproject\node_modules\next\dist\compiled\next-server\app-page.runtime.dev.js:35:53793)
    at aC (E:\skillproject\node_modules\next\dist\compiled\next-server\app-page.runtime.dev.js:35:52874)
    at a_ (E:\skillproject\node_modules\next\dist\compiled\next-server\app-page.runtime.dev.js:35:50095)
    at aj (E:\skillproject\node_modules\next\dist\compiled\next-server\app-page.runtime.dev.js:35:53793)
    at E:\skillproject\node_modules\next\dist\compiled\next-server\app-page.runtime.dev.js:35:42336
    at aw (E:\skillproject\node_modules\next\dist\compiled\next-server\app-page.runtime.dev.js:35:42822)
    at a_ (E:\skillproject\node_modules\next\dist\compiled\next-server\app-page.runtime.dev.js:35:49776)
    at aj (E:\skillproject\node_modules\next\dist\compiled\next-server\app-page.runtime.dev.js:35:53793)
    at aC (E:\skillproject\node_modules\next\dist\compiled\next-server\app-page.runtime.dev.js:35:52874)
    at a_ (E:\skillproject\node_modules\next\dist\compiled\next-server\app-page.runtime.dev.js:35:50095)
    at aj (E:\skillproject\node_modules\next\dist\compiled\next-server\app-page.runtime.dev.js:35:53793)
    at E:\skillproject\node_modules\next\dist\compiled\next-server\app-page.runtime.dev.js:35:42336
    at aw (E:\skillproject\node_modules\next\dist\compiled\next-server\app-page.runtime.dev.js:35:42822)
    at a_ (E:\skillproject\node_modules\next\dist\compiled\next-server\app-page.runtime.dev.js:35:49776)
    at a_ (E:\skillproject\node_modules\next\dist\compiled\next-server\app-page.runtime.dev.js:35:50067)
    at E:\skillproject\node_modules\next\dist\compiled\next-server\app-page.runtime.dev.js:35:58612
    at E:\skillproject\node_modules\next\dist\compiled\next-server\app-page.runtime.dev.js:35:59270
    at aN (E:\skillproject\node_modules\next\dist\compiled\next-server\app-page.runtime.dev.js:35:59278)
    at Timeout._onTimeout (E:\skillproject\node_modules\next\dist\compiled\next-server\app-page.runtime.dev.js:35:6939)
    at listOnTimeout (node:internal/timers:605:17)
    at process.processTimers (node:internal/timers:541:7)
digest: "3581677559"
 GET /roadmaps/backend-dev/be-t5 200 in 49ms
 ⨯ Internal error: Error: Element type is invalid: expected a string (for built-in components) or a class/function (for composite components) but got: undefined. You likely forgot to export your component from the file it's defined in, or you might have mixed up default and named imports.
    at aw (E:\skillproject\node_modules\next\dist\compiled\next-server\app-page.runtime.dev.js:35:46775)
    at aw (E:\skillproject\node_modules\next\dist\compiled\next-server\app-page.runtime.dev.js:35:46505)
    at a_ (E:\skillproject\node_modules\next\dist\compiled\next-server\app-page.runtime.dev.js:35:49776)
    at aj (E:\skillproject\node_modules\next\dist\compiled\next-server\app-page.runtime.dev.js:35:53793)
    at aC (E:\skillproject\node_modules\next\dist\compiled\next-server\app-page.runtime.dev.js:35:52874)
    at a_ (E:\skillproject\node_modules\next\dist\compiled\next-server\app-page.runtime.dev.js:35:50095)
    at aj (E:\skillproject\node_modules\next\dist\compiled\next-server\app-page.runtime.dev.js:35:53793)
    at E:\skillproject\node_modules\next\dist\compiled\next-server\app-page.runtime.dev.js:35:42336
    at aw (E:\skillproject\node_modules\next\dist\compiled\next-server\app-page.runtime.dev.js:35:42822)
    at a_ (E:\skillproject\node_modules\next\dist\compiled\next-server\app-page.runtime.dev.js:35:49776)
    at aj (E:\skillproject\node_modules\next\dist\compiled\next-server\app-page.runtime.dev.js:35:53793)
    at aC (E:\skillproject\node_modules\next\dist\compiled\next-server\app-page.runtime.dev.js:35:52874)
    at a_ (E:\skillproject\node_modules\next\dist\compiled\next-server\app-page.runtime.dev.js:35:50095)
    at aj (E:\skillproject\node_modules\next\dist\compiled\next-server\app-page.runtime.dev.js:35:53793)
    at E:\skillproject\node_modules\next\dist\compiled\next-server\app-page.runtime.dev.js:35:42336
    at aw (E:\skillproject\node_modules\next\dist\compiled\next-server\app-page.runtime.dev.js:35:42822)
    at a_ (E:\skillproject\node_modules\next\dist\compiled\next-server\app-page.runtime.dev.js:35:49776)
    at a_ (E:\skillproject\node_modules\next\dist\compiled\next-server\app-page.runtime.dev.js:35:50067)
    at E:\skillproject\node_modules\next\dist\compiled\next-server\app-page.runtime.dev.js:35:58612
    at E:\skillproject\node_modules\next\dist\compiled\next-server\app-page.runtime.dev.js:35:59270
    at aN (E:\skillproject\node_modules\next\dist\compiled\next-server\app-page.runtime.dev.js:35:59278)
    at Timeout._onTimeout (E:\skillproject\node_modules\next\dist\compiled\next-server\app-page.runtime.dev.js:35:6939)
    at listOnTimeout (node:internal/timers:605:17)
    at process.processTimers (node:internal/timers:541:7)
digest: "3581677559"
 GET /roadmaps/backend-dev/be-t6 200 in 65ms
 ⨯ Internal error: Error: Element type is invalid: expected a string (for built-in components) or a class/function (for composite components) but got: undefined. You likely forgot to export your component from the file it's defined in, or you might have mixed up default and named imports.
    at aw (E:\skillproject\node_modules\next\dist\compiled\next-server\app-page.runtime.dev.js:35:46775)
    at aw (E:\skillproject\node_modules\next\dist\compiled\next-server\app-page.runtime.dev.js:35:46505)
    at a_ (E:\skillproject\node_modules\next\dist\compiled\next-server\app-page.runtime.dev.js:35:49776)
    at aj (E:\skillproject\node_modules\next\dist\compiled\next-server\app-page.runtime.dev.js:35:53793)
    at aC (E:\skillproject\node_modules\next\dist\compiled\next-server\app-page.runtime.dev.js:35:52874)
    at a_ (E:\skillproject\node_modules\next\dist\compiled\next-server\app-page.runtime.dev.js:35:50095)
    at aj (E:\skillproject\node_modules\next\dist\compiled\next-server\app-page.runtime.dev.js:35:53793)
    at E:\skillproject\node_modules\next\dist\compiled\next-server\app-page.runtime.dev.js:35:42336
    at aw (E:\skillproject\node_modules\next\dist\compiled\next-server\app-page.runtime.dev.js:35:42822)
    at a_ (E:\skillproject\node_modules\next\dist\compiled\next-server\app-page.runtime.dev.js:35:49776)
    at aj (E:\skillproject\node_modules\next\dist\compiled\next-server\app-page.runtime.dev.js:35:53793)
    at aC (E:\skillproject\node_modules\next\dist\compiled\next-server\app-page.runtime.dev.js:35:52874)
    at a_ (E:\skillproject\node_modules\next\dist\compiled\next-server\app-page.runtime.dev.js:35:50095)
    at aj (E:\skillproject\node_modules\next\dist\compiled\next-server\app-page.runtime.dev.js:35:53793)
    at E:\skillproject\node_modules\next\dist\compiled\next-server\app-page.runtime.dev.js:35:42336
    at aw (E:\skillproject\node_modules\next\dist\compiled\next-server\app-page.runtime.dev.js:35:42822)
    at a_ (E:\skillproject\node_modules\next\dist\compiled\next-server\app-page.runtime.dev.js:35:49776)
    at a_ (E:\skillproject\node_modules\next\dist\compiled\next-server\app-page.runtime.dev.js:35:50067)
    at E:\skillproject\node_modules\next\dist\compiled\next-server\app-page.runtime.dev.js:35:58612
    at E:\skillproject\node_modules\next\dist\compiled\next-server\app-page.runtime.dev.js:35:59270
    at aN (E:\skillproject\node_modules\next\dist\compiled\next-server\app-page.runtime.dev.js:35:59278)
    at Timeout._onTimeout (E:\skillproject\node_modules\next\dist\compiled\next-server\app-page.runtime.dev.js:35:6939)
    at listOnTimeout (node:internal/timers:605:17)
    at process.processTimers (node:internal/timers:541:7)
digest: "3581677559"
 GET /roadmaps/backend-dev/be-t7 200 in 46ms
 ⨯ Internal error: Error: Element type is invalid: expected a string (for built-in components) or a class/function (for composite components) but got: undefined. You likely forgot to export your component from the file it's defined in, or you might have mixed up default and named imports.
    at aw (E:\skillproject\node_modules\next\dist\compiled\next-server\app-page.runtime.dev.js:35:46775)
    at aw (E:\skillproject\node_modules\next\dist\compiled\next-server\app-page.runtime.dev.js:35:46505)
    at a_ (E:\skillproject\node_modules\next\dist\compiled\next-server\app-page.runtime.dev.js:35:49776)
    at aj (E:\skillproject\node_modules\next\dist\compiled\next-server\app-page.runtime.dev.js:35:53793)
    at aC (E:\skillproject\node_modules\next\dist\compiled\next-server\app-page.runtime.dev.js:35:52874)
    at a_ (E:\skillproject\node_modules\next\dist\compiled\next-server\app-page.runtime.dev.js:35:50095)
    at aj (E:\skillproject\node_modules\next\dist\compiled\next-server\app-page.runtime.dev.js:35:53793)
    at E:\skillproject\node_modules\next\dist\compiled\next-server\app-page.runtime.dev.js:35:42336
    at aw (E:\skillproject\node_modules\next\dist\compiled\next-server\app-page.runtime.dev.js:35:42822)
    at a_ (E:\skillproject\node_modules\next\dist\compiled\next-server\app-page.runtime.dev.js:35:49776)
    at aj (E:\skillproject\node_modules\next\dist\compiled\next-server\app-page.runtime.dev.js:35:53793)
    at aC (E:\skillproject\node_modules\next\dist\compiled\next-server\app-page.runtime.dev.js:35:52874)
    at a_ (E:\skillproject\node_modules\next\dist\compiled\next-server\app-page.runtime.dev.js:35:50095)
    at aj (E:\skillproject\node_modules\next\dist\compiled\next-server\app-page.runtime.dev.js:35:53793)
    at E:\skillproject\node_modules\next\dist\compiled\next-server\app-page.runtime.dev.js:35:42336
    at aw (E:\skillproject\node_modules\next\dist\compiled\next-server\app-page.runtime.dev.js:35:42822)
    at a_ (E:\skillproject\node_modules\next\dist\compiled\next-server\app-page.runtime.dev.js:35:49776)
    at a_ (E:\skillproject\node_modules\next\dist\compiled\next-server\app-page.runtime.dev.js:35:50067)
    at E:\skillproject\node_modules\next\dist\compiled\next-server\app-page.runtime.dev.js:35:58612
    at E:\skillproject\node_modules\next\dist\compiled\next-server\app-page.runtime.dev.js:35:59270
    at aN (E:\skillproject\node_modules\next\dist\compiled\next-server\app-page.runtime.dev.js:35:59278)
    at Timeout._onTimeout (E:\skillproject\node_modules\next\dist\compiled\next-server\app-page.runtime.dev.js:35:6939)
    at listOnTimeout (node:internal/timers:605:17)
    at process.processTimers (node:internal/timers:541:7)
digest: "3581677559"
 GET /roadmaps/backend-dev/be-t8 200 in 83ms
 ⨯ Internal error: Error: Element type is invalid: expected a string (for built-in components) or a class/function (for composite components) but got: undefined. You likely forgot to export your component from the file it's defined in, or you might have mixed up default and named imports.
    at aw (E:\skillproject\node_modules\next\dist\compiled\next-server\app-page.runtime.dev.js:35:46775)
    at aw (E:\skillproject\node_modules\next\dist\compiled\next-server\app-page.runtime.dev.js:35:46505)
    at a_ (E:\skillproject\node_modules\next\dist\compiled\next-server\app-page.runtime.dev.js:35:49776)
    at aj (E:\skillproject\node_modules\next\dist\compiled\next-server\app-page.runtime.dev.js:35:53793)
    at aC (E:\skillproject\node_modules\next\dist\compiled\next-server\app-page.runtime.dev.js:35:52874)
    at a_ (E:\skillproject\node_modules\next\dist\compiled\next-server\app-page.runtime.dev.js:35:50095)
    at aj (E:\skillproject\node_modules\next\dist\compiled\next-server\app-page.runtime.dev.js:35:53793)
    at E:\skillproject\node_modules\next\dist\compiled\next-server\app-page.runtime.dev.js:35:42336
    at aw (E:\skillproject\node_modules\next\dist\compiled\next-server\app-page.runtime.dev.js:35:42822)
    at a_ (E:\skillproject\node_modules\next\dist\compiled\next-server\app-page.runtime.dev.js:35:49776)
    at aj (E:\skillproject\node_modules\next\dist\compiled\next-server\app-page.runtime.dev.js:35:53793)
    at aC (E:\skillproject\node_modules\next\dist\compiled\next-server\app-page.runtime.dev.js:35:52874)
    at a_ (E:\skillproject\node_modules\next\dist\compiled\next-server\app-page.runtime.dev.js:35:50095)
    at aj (E:\skillproject\node_modules\next\dist\compiled\next-server\app-page.runtime.dev.js:35:53793)
    at E:\skillproject\node_modules\next\dist\compiled\next-server\app-page.runtime.dev.js:35:42336
    at aw (E:\skillproject\node_modules\next\dist\compiled\next-server\app-page.runtime.dev.js:35:42822)
    at a_ (E:\skillproject\node_modules\next\dist\compiled\next-server\app-page.runtime.dev.js:35:49776)
    at a_ (E:\skillproject\node_modules\next\dist\compiled\next-server\app-page.runtime.dev.js:35:50067)
    at E:\skillproject\node_modules\next\dist\compiled\next-server\app-page.runtime.dev.js:35:58612
    at E:\skillproject\node_modules\next\dist\compiled\next-server\app-page.runtime.dev.js:35:59270
    at aN (E:\skillproject\node_modules\next\dist\compiled\next-server\app-page.runtime.dev.js:35:59278)
    at Timeout._onTimeout (E:\skillproject\node_modules\next\dist\compiled\next-server\app-page.runtime.dev.js:35:6939)
    at listOnTimeout (node:internal/timers:605:17)
    at process.processTimers (node:internal/timers:541:7)
digest: "3581677559"
 GET /roadmaps/backend-dev/be-t9 200 in 38ms
 ⨯ Internal error: Error: Element type is invalid: expected a string (for built-in components) or a class/function (for composite components) but got: undefined. You likely forgot to export your component from the file it's defined in, or you might have mixed up default and named imports.
    at aw (E:\skillproject\node_modules\next\dist\compiled\next-server\app-page.runtime.dev.js:35:46775)
    at aw (E:\skillproject\node_modules\next\dist\compiled\next-server\app-page.runtime.dev.js:35:46505)
    at a_ (E:\skillproject\node_modules\next\dist\compiled\next-server\app-page.runtime.dev.js:35:49776)
    at aj (E:\skillproject\node_modules\next\dist\compiled\next-server\app-page.runtime.dev.js:35:53793)
    at aC (E:\skillproject\node_modules\next\dist\compiled\next-server\app-page.runtime.dev.js:35:52874)
    at a_ (E:\skillproject\node_modules\next\dist\compiled\next-server\app-page.runtime.dev.js:35:50095)
    at aj (E:\skillproject\node_modules\next\dist\compiled\next-server\app-page.runtime.dev.js:35:53793)
    at E:\skillproject\node_modules\next\dist\compiled\next-server\app-page.runtime.dev.js:35:42336
    at aw (E:\skillproject\node_modules\next\dist\compiled\next-server\app-page.runtime.dev.js:35:42822)
    at a_ (E:\skillproject\node_modules\next\dist\compiled\next-server\app-page.runtime.dev.js:35:49776)
    at aj (E:\skillproject\node_modules\next\dist\compiled\next-server\app-page.runtime.dev.js:35:53793)
    at aC (E:\skillproject\node_modules\next\dist\compiled\next-server\app-page.runtime.dev.js:35:52874)
    at a_ (E:\skillproject\node_modules\next\dist\compiled\next-server\app-page.runtime.dev.js:35:50095)
    at aj (E:\skillproject\node_modules\next\dist\compiled\next-server\app-page.runtime.dev.js:35:53793)
    at E:\skillproject\node_modules\next\dist\compiled\next-server\app-page.runtime.dev.js:35:42336
    at aw (E:\skillproject\node_modules\next\dist\compiled\next-server\app-page.runtime.dev.js:35:42822)
    at a_ (E:\skillproject\node_modules\next\dist\compiled\next-server\app-page.runtime.dev.js:35:49776)
    at a_ (E:\skillproject\node_modules\next\dist\compiled\next-server\app-page.runtime.dev.js:35:50067)
    at E:\skillproject\node_modules\next\dist\compiled\next-server\app-page.runtime.dev.js:35:58612
    at E:\skillproject\node_modules\next\dist\compiled\next-server\app-page.runtime.dev.js:35:59270
    at aN (E:\skillproject\node_modules\next\dist\compiled\next-server\app-page.runtime.dev.js:35:59278)
    at Timeout._onTimeout (E:\skillproject\node_modules\next\dist\compiled\next-server\app-page.runtime.dev.js:35:6939)
    at listOnTimeout (node:internal/timers:605:17)
    at process.processTimers (node:internal/timers:541:7)
digest: "3581677559"
 GET /roadmaps/data-analyst/da-t1 200 in 81ms
 ⨯ Internal error: Error: Element type is invalid: expected a string (for built-in components) or a class/function (for composite components) but got: undefined. You likely forgot to export your component from the file it's defined in, or you might have mixed up default and named imports.
    at aw (E:\skillproject\node_modules\next\dist\compiled\next-server\app-page.runtime.dev.js:35:46775)
    at aw (E:\skillproject\node_modules\next\dist\compiled\next-server\app-page.runtime.dev.js:35:46505)
    at a_ (E:\skillproject\node_modules\next\dist\compiled\next-server\app-page.runtime.dev.js:35:49776)
    at aj (E:\skillproject\node_modules\next\dist\compiled\next-server\app-page.runtime.dev.js:35:53793)
    at aC (E:\skillproject\node_modules\next\dist\compiled\next-server\app-page.runtime.dev.js:35:52874)
    at a_ (E:\skillproject\node_modules\next\dist\compiled\next-server\app-page.runtime.dev.js:35:50095)
    at aj (E:\skillproject\node_modules\next\dist\compiled\next-server\app-page.runtime.dev.js:35:53793)
    at E:\skillproject\node_modules\next\dist\compiled\next-server\app-page.runtime.dev.js:35:42336
    at aw (E:\skillproject\node_modules\next\dist\compiled\next-server\app-page.runtime.dev.js:35:42822)
    at a_ (E:\skillproject\node_modules\next\dist\compiled\next-server\app-page.runtime.dev.js:35:49776)
    at aj (E:\skillproject\node_modules\next\dist\compiled\next-server\app-page.runtime.dev.js:35:53793)
    at aC (E:\skillproject\node_modules\next\dist\compiled\next-server\app-page.runtime.dev.js:35:52874)
    at a_ (E:\skillproject\node_modules\next\dist\compiled\next-server\app-page.runtime.dev.js:35:50095)
    at aj (E:\skillproject\node_modules\next\dist\compiled\next-server\app-page.runtime.dev.js:35:53793)
    at E:\skillproject\node_modules\next\dist\compiled\next-server\app-page.runtime.dev.js:35:42336
    at aw (E:\skillproject\node_modules\next\dist\compiled\next-server\app-page.runtime.dev.js:35:42822)
    at a_ (E:\skillproject\node_modules\next\dist\compiled\next-server\app-page.runtime.dev.js:35:49776)
    at a_ (E:\skillproject\node_modules\next\dist\compiled\next-server\app-page.runtime.dev.js:35:50067)
    at E:\skillproject\node_modules\next\dist\compiled\next-server\app-page.runtime.dev.js:35:58612
    at E:\skillproject\node_modules\next\dist\compiled\next-server\app-page.runtime.dev.js:35:59270
    at aN (E:\skillproject\node_modules\next\dist\compiled\next-server\app-page.runtime.dev.js:35:59278)
    at Timeout._onTimeout (E:\skillproject\node_modules\next\dist\compiled\next-server\app-page.runtime.dev.js:35:6939)
    at listOnTimeout (node:internal/timers:605:17)
    at process.processTimers (node:internal/timers:541:7)
digest: "3581677559"
 GET /roadmaps/data-analyst/da-t2 200 in 59ms
 ⨯ Internal error: Error: Element type is invalid: expected a string (for built-in components) or a class/function (for composite components) but got: undefined. You likely forgot to export your component from the file it's defined in, or you might have mixed up default and named imports.
    at aw (E:\skillproject\node_modules\next\dist\compiled\next-server\app-page.runtime.dev.js:35:46775)
    at aw (E:\skillproject\node_modules\next\dist\compiled\next-server\app-page.runtime.dev.js:35:46505)
    at a_ (E:\skillproject\node_modules\next\dist\compiled\next-server\app-page.runtime.dev.js:35:49776)
    at aj (E:\skillproject\node_modules\next\dist\compiled\next-server\app-page.runtime.dev.js:35:53793)
    at aC (E:\skillproject\node_modules\next\dist\compiled\next-server\app-page.runtime.dev.js:35:52874)
    at a_ (E:\skillproject\node_modules\next\dist\compiled\next-server\app-page.runtime.dev.js:35:50095)
    at aj (E:\skillproject\node_modules\next\dist\compiled\next-server\app-page.runtime.dev.js:35:53793)
    at E:\skillproject\node_modules\next\dist\compiled\next-server\app-page.runtime.dev.js:35:42336
    at aw (E:\skillproject\node_modules\next\dist\compiled\next-server\app-page.runtime.dev.js:35:42822)
    at a_ (E:\skillproject\node_modules\next\dist\compiled\next-server\app-page.runtime.dev.js:35:49776)
    at aj (E:\skillproject\node_modules\next\dist\compiled\next-server\app-page.runtime.dev.js:35:53793)
    at aC (E:\skillproject\node_modules\next\dist\compiled\next-server\app-page.runtime.dev.js:35:52874)
    at a_ (E:\skillproject\node_modules\next\dist\compiled\next-server\app-page.runtime.dev.js:35:50095)
    at aj (E:\skillproject\node_modules\next\dist\compiled\next-server\app-page.runtime.dev.js:35:53793)
    at E:\skillproject\node_modules\next\dist\compiled\next-server\app-page.runtime.dev.js:35:42336
    at aw (E:\skillproject\node_modules\next\dist\compiled\next-server\app-page.runtime.dev.js:35:42822)
    at a_ (E:\skillproject\node_modules\next\dist\compiled\next-server\app-page.runtime.dev.js:35:49776)
    at a_ (E:\skillproject\node_modules\next\dist\compiled\next-server\app-page.runtime.dev.js:35:50067)
    at E:\skillproject\node_modules\next\dist\compiled\next-server\app-page.runtime.dev.js:35:58612
    at E:\skillproject\node_modules\next\dist\compiled\next-server\app-page.runtime.dev.js:35:59270
    at aN (E:\skillproject\node_modules\next\dist\compiled\next-server\app-page.runtime.dev.js:35:59278)
    at Timeout._onTimeout (E:\skillproject\node_modules\next\dist\compiled\next-server\app-page.runtime.dev.js:35:6939)
    at listOnTimeout (node:internal/timers:605:17)
    at process.processTimers (node:internal/timers:541:7)
digest: "3581677559"
 GET /roadmaps/data-analyst/da-t3 200 in 52ms
 ⨯ Internal error: Error: Element type is invalid: expected a string (for built-in components) or a class/function (for composite components) but got: undefined. You likely forgot to export your component from the file it's defined in, or you might have mixed up default and named imports.
    at aw (E:\skillproject\node_modules\next\dist\compiled\next-server\app-page.runtime.dev.js:35:46775)
    at aw (E:\skillproject\node_modules\next\dist\compiled\next-server\app-page.runtime.dev.js:35:46505)
    at a_ (E:\skillproject\node_modules\next\dist\compiled\next-server\app-page.runtime.dev.js:35:49776)
    at aj (E:\skillproject\node_modules\next\dist\compiled\next-server\app-page.runtime.dev.js:35:53793)
    at aC (E:\skillproject\node_modules\next\dist\compiled\next-server\app-page.runtime.dev.js:35:52874)
    at a_ (E:\skillproject\node_modules\next\dist\compiled\next-server\app-page.runtime.dev.js:35:50095)
    at aj (E:\skillproject\node_modules\next\dist\compiled\next-server\app-page.runtime.dev.js:35:53793)
    at E:\skillproject\node_modules\next\dist\compiled\next-server\app-page.runtime.dev.js:35:42336
    at aw (E:\skillproject\node_modules\next\dist\compiled\next-server\app-page.runtime.dev.js:35:42822)
    at a_ (E:\skillproject\node_modules\next\dist\compiled\next-server\app-page.runtime.dev.js:35:49776)
    at aj (E:\skillproject\node_modules\next\dist\compiled\next-server\app-page.runtime.dev.js:35:53793)
    at aC (E:\skillproject\node_modules\next\dist\compiled\next-server\app-page.runtime.dev.js:35:52874)
    at a_ (E:\skillproject\node_modules\next\dist\compiled\next-server\app-page.runtime.dev.js:35:50095)
    at aj (E:\skillproject\node_modules\next\dist\compiled\next-server\app-page.runtime.dev.js:35:53793)
    at E:\skillproject\node_modules\next\dist\compiled\next-server\app-page.runtime.dev.js:35:42336
    at aw (E:\skillproject\node_modules\next\dist\compiled\next-server\app-page.runtime.dev.js:35:42822)
    at a_ (E:\skillproject\node_modules\next\dist\compiled\next-server\app-page.runtime.dev.js:35:49776)
    at a_ (E:\skillproject\node_modules\next\dist\compiled\next-server\app-page.runtime.dev.js:35:50067)
    at E:\skillproject\node_modules\next\dist\compiled\next-server\app-page.runtime.dev.js:35:58612
    at E:\skillproject\node_modules\next\dist\compiled\next-server\app-page.runtime.dev.js:35:59270
    at aN (E:\skillproject\node_modules\next\dist\compiled\next-server\app-page.runtime.dev.js:35:59278)
    at Timeout._onTimeout (E:\skillproject\node_modules\next\dist\compiled\next-server\app-page.runtime.dev.js:35:6939)
    at listOnTimeout (node:internal/timers:605:17)
    at process.processTimers (node:internal/timers:541:7)
digest: "3581677559"
 GET /roadmaps/data-analyst/da-t4 200 in 68ms
 ⨯ Internal error: Error: Element type is invalid: expected a string (for built-in components) or a class/function (for composite components) but got: undefined. You likely forgot to export your component from the file it's defined in, or you might have mixed up default and named imports.
    at aw (E:\skillproject\node_modules\next\dist\compiled\next-server\app-page.runtime.dev.js:35:46775)
    at aw (E:\skillproject\node_modules\next\dist\compiled\next-server\app-page.runtime.dev.js:35:46505)
    at a_ (E:\skillproject\node_modules\next\dist\compiled\next-server\app-page.runtime.dev.js:35:49776)
    at aj (E:\skillproject\node_modules\next\dist\compiled\next-server\app-page.runtime.dev.js:35:53793)
    at aC (E:\skillproject\node_modules\next\dist\compiled\next-server\app-page.runtime.dev.js:35:52874)
    at a_ (E:\skillproject\node_modules\next\dist\compiled\next-server\app-page.runtime.dev.js:35:50095)
    at aj (E:\skillproject\node_modules\next\dist\compiled\next-server\app-page.runtime.dev.js:35:53793)
    at E:\skillproject\node_modules\next\dist\compiled\next-server\app-page.runtime.dev.js:35:42336
    at aw (E:\skillproject\node_modules\next\dist\compiled\next-server\app-page.runtime.dev.js:35:42822)
    at a_ (E:\skillproject\node_modules\next\dist\compiled\next-server\app-page.runtime.dev.js:35:49776)
    at aj (E:\skillproject\node_modules\next\dist\compiled\next-server\app-page.runtime.dev.js:35:53793)
    at aC (E:\skillproject\node_modules\next\dist\compiled\next-server\app-page.runtime.dev.js:35:52874)
    at a_ (E:\skillproject\node_modules\next\dist\compiled\next-server\app-page.runtime.dev.js:35:50095)
    at aj (E:\skillproject\node_modules\next\dist\compiled\next-server\app-page.runtime.dev.js:35:53793)
    at E:\skillproject\node_modules\next\dist\compiled\next-server\app-page.runtime.dev.js:35:42336
    at aw (E:\skillproject\node_modules\next\dist\compiled\next-server\app-page.runtime.dev.js:35:42822)
    at a_ (E:\skillproject\node_modules\next\dist\compiled\next-server\app-page.runtime.dev.js:35:49776)
    at a_ (E:\skillproject\node_modules\next\dist\compiled\next-server\app-page.runtime.dev.js:35:50067)
    at E:\skillproject\node_modules\next\dist\compiled\next-server\app-page.runtime.dev.js:35:58612
    at E:\skillproject\node_modules\next\dist\compiled\next-server\app-page.runtime.dev.js:35:59270
    at aN (E:\skillproject\node_modules\next\dist\compiled\next-server\app-page.runtime.dev.js:35:59278)
    at Timeout._onTimeout (E:\skillproject\node_modules\next\dist\compiled\next-server\app-page.runtime.dev.js:35:6939)
    at listOnTimeout (node:internal/timers:605:17)
    at process.processTimers (node:internal/timers:541:7)
digest: "3581677559"
 GET /roadmaps/data-analyst/da-t5 200 in 82ms
 ⨯ Internal error: Error: Element type is invalid: expected a string (for built-in components) or a class/function (for composite components) but got: undefined. You likely forgot to export your component from the file it's defined in, or you might have mixed up default and named imports.
    at aw (E:\skillproject\node_modules\next\dist\compiled\next-server\app-page.runtime.dev.js:35:46775)
    at aw (E:\skillproject\node_modules\next\dist\compiled\next-server\app-page.runtime.dev.js:35:46505)
    at a_ (E:\skillproject\node_modules\next\dist\compiled\next-server\app-page.runtime.dev.js:35:49776)
    at aj (E:\skillproject\node_modules\next\dist\compiled\next-server\app-page.runtime.dev.js:35:53793)
    at aC (E:\skillproject\node_modules\next\dist\compiled\next-server\app-page.runtime.dev.js:35:52874)
    at a_ (E:\skillproject\node_modules\next\dist\compiled\next-server\app-page.runtime.dev.js:35:50095)
    at aj (E:\skillproject\node_modules\next\dist\compiled\next-server\app-page.runtime.dev.js:35:53793)
    at E:\skillproject\node_modules\next\dist\compiled\next-server\app-page.runtime.dev.js:35:42336
    at aw (E:\skillproject\node_modules\next\dist\compiled\next-server\app-page.runtime.dev.js:35:42822)
    at a_ (E:\skillproject\node_modules\next\dist\compiled\next-server\app-page.runtime.dev.js:35:49776)
    at aj (E:\skillproject\node_modules\next\dist\compiled\next-server\app-page.runtime.dev.js:35:53793)
    at aC (E:\skillproject\node_modules\next\dist\compiled\next-server\app-page.runtime.dev.js:35:52874)
    at a_ (E:\skillproject\node_modules\next\dist\compiled\next-server\app-page.runtime.dev.js:35:50095)
    at aj (E:\skillproject\node_modules\next\dist\compiled\next-server\app-page.runtime.dev.js:35:53793)
    at E:\skillproject\node_modules\next\dist\compiled\next-server\app-page.runtime.dev.js:35:42336
    at aw (E:\skillproject\node_modules\next\dist\compiled\next-server\app-page.runtime.dev.js:35:42822)
    at a_ (E:\skillproject\node_modules\next\dist\compiled\next-server\app-page.runtime.dev.js:35:49776)
    at a_ (E:\skillproject\node_modules\next\dist\compiled\next-server\app-page.runtime.dev.js:35:50067)
    at E:\skillproject\node_modules\next\dist\compiled\next-server\app-page.runtime.dev.js:35:58612
    at E:\skillproject\node_modules\next\dist\compiled\next-server\app-page.runtime.dev.js:35:59270
    at aN (E:\skillproject\node_modules\next\dist\compiled\next-server\app-page.runtime.dev.js:35:59278)
    at Timeout._onTimeout (E:\skillproject\node_modules\next\dist\compiled\next-server\app-page.runtime.dev.js:35:6939)
    at listOnTimeout (node:internal/timers:605:17)
    at process.processTimers (node:internal/timers:541:7)
digest: "3581677559"
 GET /roadmaps/data-analyst/da-t6 200 in 26ms
 ⨯ Internal error: Error: Element type is invalid: expected a string (for built-in components) or a class/function (for composite components) but got: undefined. You likely forgot to export your component from the file it's defined in, or you might have mixed up default and named imports.
    at aw (E:\skillproject\node_modules\next\dist\compiled\next-server\app-page.runtime.dev.js:35:46775)
    at aw (E:\skillproject\node_modules\next\dist\compiled\next-server\app-page.runtime.dev.js:35:46505)
    at a_ (E:\skillproject\node_modules\next\dist\compiled\next-server\app-page.runtime.dev.js:35:49776)
    at aj (E:\skillproject\node_modules\next\dist\compiled\next-server\app-page.runtime.dev.js:35:53793)
    at aC (E:\skillproject\node_modules\next\dist\compiled\next-server\app-page.runtime.dev.js:35:52874)
    at a_ (E:\skillproject\node_modules\next\dist\compiled\next-server\app-page.runtime.dev.js:35:50095)
    at aj (E:\skillproject\node_modules\next\dist\compiled\next-server\app-page.runtime.dev.js:35:53793)
    at E:\skillproject\node_modules\next\dist\compiled\next-server\app-page.runtime.dev.js:35:42336
    at aw (E:\skillproject\node_modules\next\dist\compiled\next-server\app-page.runtime.dev.js:35:42822)
    at a_ (E:\skillproject\node_modules\next\dist\compiled\next-server\app-page.runtime.dev.js:35:49776)
    at aj (E:\skillproject\node_modules\next\dist\compiled\next-server\app-page.runtime.dev.js:35:53793)
    at aC (E:\skillproject\node_modules\next\dist\compiled\next-server\app-page.runtime.dev.js:35:52874)
    at a_ (E:\skillproject\node_modules\next\dist\compiled\next-server\app-page.runtime.dev.js:35:50095)
    at aj (E:\skillproject\node_modules\next\dist\compiled\next-server\app-page.runtime.dev.js:35:53793)
    at E:\skillproject\node_modules\next\dist\compiled\next-server\app-page.runtime.dev.js:35:42336
    at aw (E:\skillproject\node_modules\next\dist\compiled\next-server\app-page.runtime.dev.js:35:42822)
    at a_ (E:\skillproject\node_modules\next\dist\compiled\next-server\app-page.runtime.dev.js:35:49776)
    at a_ (E:\skillproject\node_modules\next\dist\compiled\next-server\app-page.runtime.dev.js:35:50067)
    at E:\skillproject\node_modules\next\dist\compiled\next-server\app-page.runtime.dev.js:35:58612
    at E:\skillproject\node_modules\next\dist\compiled\next-server\app-page.runtime.dev.js:35:59270
    at aN (E:\skillproject\node_modules\next\dist\compiled\next-server\app-page.runtime.dev.js:35:59278)
    at Timeout._onTimeout (E:\skillproject\node_modules\next\dist\compiled\next-server\app-page.runtime.dev.js:35:6939)
    at listOnTimeout (node:internal/timers:605:17)
    at process.processTimers (node:internal/timers:541:7)
digest: "3581677559"
 GET /roadmaps/data-analyst/da-t7 200 in 75ms
 ⨯ Internal error: Error: Element type is invalid: expected a string (for built-in components) or a class/function (for composite components) but got: undefined. You likely forgot to export your component from the file it's defined in, or you might have mixed up default and named imports.
    at aw (E:\skillproject\node_modules\next\dist\compiled\next-server\app-page.runtime.dev.js:35:46775)
    at aw (E:\skillproject\node_modules\next\dist\compiled\next-server\app-page.runtime.dev.js:35:46505)
    at a_ (E:\skillproject\node_modules\next\dist\compiled\next-server\app-page.runtime.dev.js:35:49776)
    at aj (E:\skillproject\node_modules\next\dist\compiled\next-server\app-page.runtime.dev.js:35:53793)
    at aC (E:\skillproject\node_modules\next\dist\compiled\next-server\app-page.runtime.dev.js:35:52874)
    at a_ (E:\skillproject\node_modules\next\dist\compiled\next-server\app-page.runtime.dev.js:35:50095)
    at aj (E:\skillproject\node_modules\next\dist\compiled\next-server\app-page.runtime.dev.js:35:53793)
    at E:\skillproject\node_modules\next\dist\compiled\next-server\app-page.runtime.dev.js:35:42336
    at aw (E:\skillproject\node_modules\next\dist\compiled\next-server\app-page.runtime.dev.js:35:42822)
    at a_ (E:\skillproject\node_modules\next\dist\compiled\next-server\app-page.runtime.dev.js:35:49776)
    at aj (E:\skillproject\node_modules\next\dist\compiled\next-server\app-page.runtime.dev.js:35:53793)
    at aC (E:\skillproject\node_modules\next\dist\compiled\next-server\app-page.runtime.dev.js:35:52874)
    at a_ (E:\skillproject\node_modules\next\dist\compiled\next-server\app-page.runtime.dev.js:35:50095)
    at aj (E:\skillproject\node_modules\next\dist\compiled\next-server\app-page.runtime.dev.js:35:53793)
    at E:\skillproject\node_modules\next\dist\compiled\next-server\app-page.runtime.dev.js:35:42336
    at aw (E:\skillproject\node_modules\next\dist\compiled\next-server\app-page.runtime.dev.js:35:42822)
    at a_ (E:\skillproject\node_modules\next\dist\compiled\next-server\app-page.runtime.dev.js:35:49776)
    at a_ (E:\skillproject\node_modules\next\dist\compiled\next-server\app-page.runtime.dev.js:35:50067)
    at E:\skillproject\node_modules\next\dist\compiled\next-server\app-page.runtime.dev.js:35:58612
    at E:\skillproject\node_modules\next\dist\compiled\next-server\app-page.runtime.dev.js:35:59270
    at aN (E:\skillproject\node_modules\next\dist\compiled\next-server\app-page.runtime.dev.js:35:59278)
    at Timeout._onTimeout (E:\skillproject\node_modules\next\dist\compiled\next-server\app-page.runtime.dev.js:35:6939)
    at listOnTimeout (node:internal/timers:605:17)
    at process.processTimers (node:internal/timers:541:7)
digest: "3581677559"
 GET /roadmaps/data-analyst/da-t8 200 in 32ms
 ⨯ Internal error: Error: Element type is invalid: expected a string (for built-in components) or a class/function (for composite components) but got: undefined. You likely forgot to export your component from the file it's defined in, or you might have mixed up default and named imports.
    at aw (E:\skillproject\node_modules\next\dist\compiled\next-server\app-page.runtime.dev.js:35:46775)
    at aw (E:\skillproject\node_modules\next\dist\compiled\next-server\app-page.runtime.dev.js:35:46505)
    at a_ (E:\skillproject\node_modules\next\dist\compiled\next-server\app-page.runtime.dev.js:35:49776)
    at aj (E:\skillproject\node_modules\next\dist\compiled\next-server\app-page.runtime.dev.js:35:53793)
    at aC (E:\skillproject\node_modules\next\dist\compiled\next-server\app-page.runtime.dev.js:35:52874)
    at a_ (E:\skillproject\node_modules\next\dist\compiled\next-server\app-page.runtime.dev.js:35:50095)
    at aj (E:\skillproject\node_modules\next\dist\compiled\next-server\app-page.runtime.dev.js:35:53793)
    at E:\skillproject\node_modules\next\dist\compiled\next-server\app-page.runtime.dev.js:35:42336
    at aw (E:\skillproject\node_modules\next\dist\compiled\next-server\app-page.runtime.dev.js:35:42822)
    at a_ (E:\skillproject\node_modules\next\dist\compiled\next-server\app-page.runtime.dev.js:35:49776)
    at aj (E:\skillproject\node_modules\next\dist\compiled\next-server\app-page.runtime.dev.js:35:53793)
    at aC (E:\skillproject\node_modules\next\dist\compiled\next-server\app-page.runtime.dev.js:35:52874)
    at a_ (E:\skillproject\node_modules\next\dist\compiled\next-server\app-page.runtime.dev.js:35:50095)
    at aj (E:\skillproject\node_modules\next\dist\compiled\next-server\app-page.runtime.dev.js:35:53793)
    at E:\skillproject\node_modules\next\dist\compiled\next-server\app-page.runtime.dev.js:35:42336
    at aw (E:\skillproject\node_modules\next\dist\compiled\next-server\app-page.runtime.dev.js:35:42822)
    at a_ (E:\skillproject\node_modules\next\dist\compiled\next-server\app-page.runtime.dev.js:35:49776)
    at a_ (E:\skillproject\node_modules\next\dist\compiled\next-server\app-page.runtime.dev.js:35:50067)
    at E:\skillproject\node_modules\next\dist\compiled\next-server\app-page.runtime.dev.js:35:58612
    at E:\skillproject\node_modules\next\dist\compiled\next-server\app-page.runtime.dev.js:35:59270
    at aN (E:\skillproject\node_modules\next\dist\compiled\next-server\app-page.runtime.dev.js:35:59278)
    at Timeout._onTimeout (E:\skillproject\node_modules\next\dist\compiled\next-server\app-page.runtime.dev.js:35:6939)
    at listOnTimeout (node:internal/timers:605:17)
    at process.processTimers (node:internal/timers:541:7)
digest: "3581677559"
 GET /roadmaps/frontend-dev/fe-t1 200 in 62ms
 ⨯ Internal error: Error: Element type is invalid: expected a string (for built-in components) or a class/function (for composite components) but got: undefined. You likely forgot to export your component from the file it's defined in, or you might have mixed up default and named imports.
    at aw (E:\skillproject\node_modules\next\dist\compiled\next-server\app-page.runtime.dev.js:35:46775)
    at aw (E:\skillproject\node_modules\next\dist\compiled\next-server\app-page.runtime.dev.js:35:46505)
    at a_ (E:\skillproject\node_modules\next\dist\compiled\next-server\app-page.runtime.dev.js:35:49776)
    at aj (E:\skillproject\node_modules\next\dist\compiled\next-server\app-page.runtime.dev.js:35:53793)
    at aC (E:\skillproject\node_modules\next\dist\compiled\next-server\app-page.runtime.dev.js:35:52874)
    at a_ (E:\skillproject\node_modules\next\dist\compiled\next-server\app-page.runtime.dev.js:35:50095)
    at aj (E:\skillproject\node_modules\next\dist\compiled\next-server\app-page.runtime.dev.js:35:53793)
    at E:\skillproject\node_modules\next\dist\compiled\next-server\app-page.runtime.dev.js:35:42336
    at aw (E:\skillproject\node_modules\next\dist\compiled\next-server\app-page.runtime.dev.js:35:42822)
    at a_ (E:\skillproject\node_modules\next\dist\compiled\next-server\app-page.runtime.dev.js:35:49776)
    at aj (E:\skillproject\node_modules\next\dist\compiled\next-server\app-page.runtime.dev.js:35:53793)
    at aC (E:\skillproject\node_modules\next\dist\compiled\next-server\app-page.runtime.dev.js:35:52874)
    at a_ (E:\skillproject\node_modules\next\dist\compiled\next-server\app-page.runtime.dev.js:35:50095)
    at aj (E:\skillproject\node_modules\next\dist\compiled\next-server\app-page.runtime.dev.js:35:53793)
    at E:\skillproject\node_modules\next\dist\compiled\next-server\app-page.runtime.dev.js:35:42336
    at aw (E:\skillproject\node_modules\next\dist\compiled\next-server\app-page.runtime.dev.js:35:42822)
    at a_ (E:\skillproject\node_modules\next\dist\compiled\next-server\app-page.runtime.dev.js:35:49776)
    at a_ (E:\skillproject\node_modules\next\dist\compiled\next-server\app-page.runtime.dev.js:35:50067)
    at E:\skillproject\node_modules\next\dist\compiled\next-server\app-page.runtime.dev.js:35:58612
    at E:\skillproject\node_modules\next\dist\compiled\next-server\app-page.runtime.dev.js:35:59270
    at aN (E:\skillproject\node_modules\next\dist\compiled\next-server\app-page.runtime.dev.js:35:59278)
    at Timeout._onTimeout (E:\skillproject\node_modules\next\dist\compiled\next-server\app-page.runtime.dev.js:35:6939)
    at listOnTimeout (node:internal/timers:605:17)
    at process.processTimers (node:internal/timers:541:7)
digest: "3581677559"
 GET /roadmaps/frontend-dev/fe-t10 200 in 43ms
 ⨯ Internal error: Error: Element type is invalid: expected a string (for built-in components) or a class/function (for composite components) but got: undefined. You likely forgot to export your component from the file it's defined in, or you might have mixed up default and named imports.
    at aw (E:\skillproject\node_modules\next\dist\compiled\next-server\app-page.runtime.dev.js:35:46775)
    at aw (E:\skillproject\node_modules\next\dist\compiled\next-server\app-page.runtime.dev.js:35:46505)
    at a_ (E:\skillproject\node_modules\next\dist\compiled\next-server\app-page.runtime.dev.js:35:49776)
    at aj (E:\skillproject\node_modules\next\dist\compiled\next-server\app-page.runtime.dev.js:35:53793)
    at aC (E:\skillproject\node_modules\next\dist\compiled\next-server\app-page.runtime.dev.js:35:52874)
    at a_ (E:\skillproject\node_modules\next\dist\compiled\next-server\app-page.runtime.dev.js:35:50095)
    at aj (E:\skillproject\node_modules\next\dist\compiled\next-server\app-page.runtime.dev.js:35:53793)
    at E:\skillproject\node_modules\next\dist\compiled\next-server\app-page.runtime.dev.js:35:42336
    at aw (E:\skillproject\node_modules\next\dist\compiled\next-server\app-page.runtime.dev.js:35:42822)
    at a_ (E:\skillproject\node_modules\next\dist\compiled\next-server\app-page.runtime.dev.js:35:49776)
    at aj (E:\skillproject\node_modules\next\dist\compiled\next-server\app-page.runtime.dev.js:35:53793)
    at aC (E:\skillproject\node_modules\next\dist\compiled\next-server\app-page.runtime.dev.js:35:52874)
    at a_ (E:\skillproject\node_modules\next\dist\compiled\next-server\app-page.runtime.dev.js:35:50095)
    at aj (E:\skillproject\node_modules\next\dist\compiled\next-server\app-page.runtime.dev.js:35:53793)
    at E:\skillproject\node_modules\next\dist\compiled\next-server\app-page.runtime.dev.js:35:42336
    at aw (E:\skillproject\node_modules\next\dist\compiled\next-server\app-page.runtime.dev.js:35:42822)
    at a_ (E:\skillproject\node_modules\next\dist\compiled\next-server\app-page.runtime.dev.js:35:49776)
    at a_ (E:\skillproject\node_modules\next\dist\compiled\next-server\app-page.runtime.dev.js:35:50067)
    at E:\skillproject\node_modules\next\dist\compiled\next-server\app-page.runtime.dev.js:35:58612
    at E:\skillproject\node_modules\next\dist\compiled\next-server\app-page.runtime.dev.js:35:59270
    at aN (E:\skillproject\node_modules\next\dist\compiled\next-server\app-page.runtime.dev.js:35:59278)
    at Timeout._onTimeout (E:\skillproject\node_modules\next\dist\compiled\next-server\app-page.runtime.dev.js:35:6939)
    at listOnTimeout (node:internal/timers:605:17)
    at process.processTimers (node:internal/timers:541:7)
digest: "3581677559"
 GET /roadmaps/frontend-dev/fe-t11 200 in 63ms
 ⨯ Internal error: Error: Element type is invalid: expected a string (for built-in components) or a class/function (for composite components) but got: undefined. You likely forgot to export your component from the file it's defined in, or you might have mixed up default and named imports.
    at aw (E:\skillproject\node_modules\next\dist\compiled\next-server\app-page.runtime.dev.js:35:46775)
    at aw (E:\skillproject\node_modules\next\dist\compiled\next-server\app-page.runtime.dev.js:35:46505)
    at a_ (E:\skillproject\node_modules\next\dist\compiled\next-server\app-page.runtime.dev.js:35:49776)
    at aj (E:\skillproject\node_modules\next\dist\compiled\next-server\app-page.runtime.dev.js:35:53793)
    at aC (E:\skillproject\node_modules\next\dist\compiled\next-server\app-page.runtime.dev.js:35:52874)
    at a_ (E:\skillproject\node_modules\next\dist\compiled\next-server\app-page.runtime.dev.js:35:50095)
    at aj (E:\skillproject\node_modules\next\dist\compiled\next-server\app-page.runtime.dev.js:35:53793)
    at E:\skillproject\node_modules\next\dist\compiled\next-server\app-page.runtime.dev.js:35:42336
    at aw (E:\skillproject\node_modules\next\dist\compiled\next-server\app-page.runtime.dev.js:35:42822)
    at a_ (E:\skillproject\node_modules\next\dist\compiled\next-server\app-page.runtime.dev.js:35:49776)
    at aj (E:\skillproject\node_modules\next\dist\compiled\next-server\app-page.runtime.dev.js:35:53793)
    at aC (E:\skillproject\node_modules\next\dist\compiled\next-server\app-page.runtime.dev.js:35:52874)
    at a_ (E:\skillproject\node_modules\next\dist\compiled\next-server\app-page.runtime.dev.js:35:50095)
    at aj (E:\skillproject\node_modules\next\dist\compiled\next-server\app-page.runtime.dev.js:35:53793)
    at E:\skillproject\node_modules\next\dist\compiled\next-server\app-page.runtime.dev.js:35:42336
    at aw (E:\skillproject\node_modules\next\dist\compiled\next-server\app-page.runtime.dev.js:35:42822)
    at a_ (E:\skillproject\node_modules\next\dist\compiled\next-server\app-page.runtime.dev.js:35:49776)
    at a_ (E:\skillproject\node_modules\next\dist\compiled\next-server\app-page.runtime.dev.js:35:50067)
    at E:\skillproject\node_modules\next\dist\compiled\next-server\app-page.runtime.dev.js:35:58612
    at E:\skillproject\node_modules\next\dist\compiled\next-server\app-page.runtime.dev.js:35:59270
    at aN (E:\skillproject\node_modules\next\dist\compiled\next-server\app-page.runtime.dev.js:35:59278)
    at Timeout._onTimeout (E:\skillproject\node_modules\next\dist\compiled\next-server\app-page.runtime.dev.js:35:6939)
    at listOnTimeout (node:internal/timers:605:17)
    at process.processTimers (node:internal/timers:541:7)
digest: "3581677559"
 GET /roadmaps/frontend-dev/fe-t12 200 in 41ms
 ⨯ Internal error: Error: Element type is invalid: expected a string (for built-in components) or a class/function (for composite components) but got: undefined. You likely forgot to export your component from the file it's defined in, or you might have mixed up default and named imports.
    at aw (E:\skillproject\node_modules\next\dist\compiled\next-server\app-page.runtime.dev.js:35:46775)
    at aw (E:\skillproject\node_modules\next\dist\compiled\next-server\app-page.runtime.dev.js:35:46505)
    at a_ (E:\skillproject\node_modules\next\dist\compiled\next-server\app-page.runtime.dev.js:35:49776)
    at aj (E:\skillproject\node_modules\next\dist\compiled\next-server\app-page.runtime.dev.js:35:53793)
    at aC (E:\skillproject\node_modules\next\dist\compiled\next-server\app-page.runtime.dev.js:35:52874)
    at a_ (E:\skillproject\node_modules\next\dist\compiled\next-server\app-page.runtime.dev.js:35:50095)
    at aj (E:\skillproject\node_modules\next\dist\compiled\next-server\app-page.runtime.dev.js:35:53793)
    at E:\skillproject\node_modules\next\dist\compiled\next-server\app-page.runtime.dev.js:35:42336
    at aw (E:\skillproject\node_modules\next\dist\compiled\next-server\app-page.runtime.dev.js:35:42822)
    at a_ (E:\skillproject\node_modules\next\dist\compiled\next-server\app-page.runtime.dev.js:35:49776)
    at aj (E:\skillproject\node_modules\next\dist\compiled\next-server\app-page.runtime.dev.js:35:53793)
    at aC (E:\skillproject\node_modules\next\dist\compiled\next-server\app-page.runtime.dev.js:35:52874)
    at a_ (E:\skillproject\node_modules\next\dist\compiled\next-server\app-page.runtime.dev.js:35:50095)
    at aj (E:\skillproject\node_modules\next\dist\compiled\next-server\app-page.runtime.dev.js:35:53793)
    at E:\skillproject\node_modules\next\dist\compiled\next-server\app-page.runtime.dev.js:35:42336
    at aw (E:\skillproject\node_modules\next\dist\compiled\next-server\app-page.runtime.dev.js:35:42822)
    at a_ (E:\skillproject\node_modules\next\dist\compiled\next-server\app-page.runtime.dev.js:35:49776)
    at a_ (E:\skillproject\node_modules\next\dist\compiled\next-server\app-page.runtime.dev.js:35:50067)
    at E:\skillproject\node_modules\next\dist\compiled\next-server\app-page.runtime.dev.js:35:58612
    at E:\skillproject\node_modules\next\dist\compiled\next-server\app-page.runtime.dev.js:35:59270
    at aN (E:\skillproject\node_modules\next\dist\compiled\next-server\app-page.runtime.dev.js:35:59278)
    at Timeout._onTimeout (E:\skillproject\node_modules\next\dist\compiled\next-server\app-page.runtime.dev.js:35:6939)
    at listOnTimeout (node:internal/timers:605:17)
    at process.processTimers (node:internal/timers:541:7)
digest: "3581677559"
 GET /roadmaps/frontend-dev/fe-t13 200 in 68ms
 ⨯ Internal error: Error: Element type is invalid: expected a string (for built-in components) or a class/function (for composite components) but got: undefined. You likely forgot to export your component from the file it's defined in, or you might have mixed up default and named imports.
    at aw (E:\skillproject\node_modules\next\dist\compiled\next-server\app-page.runtime.dev.js:35:46775)
    at aw (E:\skillproject\node_modules\next\dist\compiled\next-server\app-page.runtime.dev.js:35:46505)
    at a_ (E:\skillproject\node_modules\next\dist\compiled\next-server\app-page.runtime.dev.js:35:49776)
    at aj (E:\skillproject\node_modules\next\dist\compiled\next-server\app-page.runtime.dev.js:35:53793)
    at aC (E:\skillproject\node_modules\next\dist\compiled\next-server\app-page.runtime.dev.js:35:52874)
    at a_ (E:\skillproject\node_modules\next\dist\compiled\next-server\app-page.runtime.dev.js:35:50095)
    at aj (E:\skillproject\node_modules\next\dist\compiled\next-server\app-page.runtime.dev.js:35:53793)
    at E:\skillproject\node_modules\next\dist\compiled\next-server\app-page.runtime.dev.js:35:42336
    at aw (E:\skillproject\node_modules\next\dist\compiled\next-server\app-page.runtime.dev.js:35:42822)
    at a_ (E:\skillproject\node_modules\next\dist\compiled\next-server\app-page.runtime.dev.js:35:49776)
    at aj (E:\skillproject\node_modules\next\dist\compiled\next-server\app-page.runtime.dev.js:35:53793)
    at aC (E:\skillproject\node_modules\next\dist\compiled\next-server\app-page.runtime.dev.js:35:52874)
    at a_ (E:\skillproject\node_modules\next\dist\compiled\next-server\app-page.runtime.dev.js:35:50095)
    at aj (E:\skillproject\node_modules\next\dist\compiled\next-server\app-page.runtime.dev.js:35:53793)
    at E:\skillproject\node_modules\next\dist\compiled\next-server\app-page.runtime.dev.js:35:42336
    at aw (E:\skillproject\node_modules\next\dist\compiled\next-server\app-page.runtime.dev.js:35:42822)
    at a_ (E:\skillproject\node_modules\next\dist\compiled\next-server\app-page.runtime.dev.js:35:49776)
    at a_ (E:\skillproject\node_modules\next\dist\compiled\next-server\app-page.runtime.dev.js:35:50067)
    at E:\skillproject\node_modules\next\dist\compiled\next-server\app-page.runtime.dev.js:35:58612
    at E:\skillproject\node_modules\next\dist\compiled\next-server\app-page.runtime.dev.js:35:59270
    at aN (E:\skillproject\node_modules\next\dist\compiled\next-server\app-page.runtime.dev.js:35:59278)
    at Timeout._onTimeout (E:\skillproject\node_modules\next\dist\compiled\next-server\app-page.runtime.dev.js:35:6939)
    at listOnTimeout (node:internal/timers:605:17)
    at process.processTimers (node:internal/timers:541:7)
digest: "3581677559"
 GET /roadmaps/frontend-dev/fe-t14 200 in 45ms
 ⨯ Internal error: Error: Element type is invalid: expected a string (for built-in components) or a class/function (for composite components) but got: undefined. You likely forgot to export your component from the file it's defined in, or you might have mixed up default and named imports.
    at aw (E:\skillproject\node_modules\next\dist\compiled\next-server\app-page.runtime.dev.js:35:46775)
    at aw (E:\skillproject\node_modules\next\dist\compiled\next-server\app-page.runtime.dev.js:35:46505)
    at a_ (E:\skillproject\node_modules\next\dist\compiled\next-server\app-page.runtime.dev.js:35:49776)
    at aj (E:\skillproject\node_modules\next\dist\compiled\next-server\app-page.runtime.dev.js:35:53793)
    at aC (E:\skillproject\node_modules\next\dist\compiled\next-server\app-page.runtime.dev.js:35:52874)
    at a_ (E:\skillproject\node_modules\next\dist\compiled\next-server\app-page.runtime.dev.js:35:50095)
    at aj (E:\skillproject\node_modules\next\dist\compiled\next-server\app-page.runtime.dev.js:35:53793)
    at E:\skillproject\node_modules\next\dist\compiled\next-server\app-page.runtime.dev.js:35:42336
    at aw (E:\skillproject\node_modules\next\dist\compiled\next-server\app-page.runtime.dev.js:35:42822)
    at a_ (E:\skillproject\node_modules\next\dist\compiled\next-server\app-page.runtime.dev.js:35:49776)
    at aj (E:\skillproject\node_modules\next\dist\compiled\next-server\app-page.runtime.dev.js:35:53793)
    at aC (E:\skillproject\node_modules\next\dist\compiled\next-server\app-page.runtime.dev.js:35:52874)
    at a_ (E:\skillproject\node_modules\next\dist\compiled\next-server\app-page.runtime.dev.js:35:50095)
    at aj (E:\skillproject\node_modules\next\dist\compiled\next-server\app-page.runtime.dev.js:35:53793)
    at E:\skillproject\node_modules\next\dist\compiled\next-server\app-page.runtime.dev.js:35:42336
    at aw (E:\skillproject\node_modules\next\dist\compiled\next-server\app-page.runtime.dev.js:35:42822)
    at a_ (E:\skillproject\node_modules\next\dist\compiled\next-server\app-page.runtime.dev.js:35:49776)
    at a_ (E:\skillproject\node_modules\next\dist\compiled\next-server\app-page.runtime.dev.js:35:50067)
    at E:\skillproject\node_modules\next\dist\compiled\next-server\app-page.runtime.dev.js:35:58612
    at E:\skillproject\node_modules\next\dist\compiled\next-server\app-page.runtime.dev.js:35:59270
    at aN (E:\skillproject\node_modules\next\dist\compiled\next-server\app-page.runtime.dev.js:35:59278)
    at Timeout._onTimeout (E:\skillproject\node_modules\next\dist\compiled\next-server\app-page.runtime.dev.js:35:6939)
    at listOnTimeout (node:internal/timers:605:17)
    at process.processTimers (node:internal/timers:541:7)
digest: "3581677559"
 GET /roadmaps/frontend-dev/fe-t15 200 in 63ms
 ⨯ Internal error: Error: Element type is invalid: expected a string (for built-in components) or a class/function (for composite components) but got: undefined. You likely forgot to export your component from the file it's defined in, or you might have mixed up default and named imports.
    at aw (E:\skillproject\node_modules\next\dist\compiled\next-server\app-page.runtime.dev.js:35:46775)
    at aw (E:\skillproject\node_modules\next\dist\compiled\next-server\app-page.runtime.dev.js:35:46505)
    at a_ (E:\skillproject\node_modules\next\dist\compiled\next-server\app-page.runtime.dev.js:35:49776)
    at aj (E:\skillproject\node_modules\next\dist\compiled\next-server\app-page.runtime.dev.js:35:53793)
    at aC (E:\skillproject\node_modules\next\dist\compiled\next-server\app-page.runtime.dev.js:35:52874)
    at a_ (E:\skillproject\node_modules\next\dist\compiled\next-server\app-page.runtime.dev.js:35:50095)
    at aj (E:\skillproject\node_modules\next\dist\compiled\next-server\app-page.runtime.dev.js:35:53793)
    at E:\skillproject\node_modules\next\dist\compiled\next-server\app-page.runtime.dev.js:35:42336
    at aw (E:\skillproject\node_modules\next\dist\compiled\next-server\app-page.runtime.dev.js:35:42822)
    at a_ (E:\skillproject\node_modules\next\dist\compiled\next-server\app-page.runtime.dev.js:35:49776)
    at aj (E:\skillproject\node_modules\next\dist\compiled\next-server\app-page.runtime.dev.js:35:53793)
    at aC (E:\skillproject\node_modules\next\dist\compiled\next-server\app-page.runtime.dev.js:35:52874)
    at a_ (E:\skillproject\node_modules\next\dist\compiled\next-server\app-page.runtime.dev.js:35:50095)
    at aj (E:\skillproject\node_modules\next\dist\compiled\next-server\app-page.runtime.dev.js:35:53793)
    at E:\skillproject\node_modules\next\dist\compiled\next-server\app-page.runtime.dev.js:35:42336
    at aw (E:\skillproject\node_modules\next\dist\compiled\next-server\app-page.runtime.dev.js:35:42822)
    at a_ (E:\skillproject\node_modules\next\dist\compiled\next-server\app-page.runtime.dev.js:35:49776)
    at a_ (E:\skillproject\node_modules\next\dist\compiled\next-server\app-page.runtime.dev.js:35:50067)
    at E:\skillproject\node_modules\next\dist\compiled\next-server\app-page.runtime.dev.js:35:58612
    at E:\skillproject\node_modules\next\dist\compiled\next-server\app-page.runtime.dev.js:35:59270
    at aN (E:\skillproject\node_modules\next\dist\compiled\next-server\app-page.runtime.dev.js:35:59278)
    at Timeout._onTimeout (E:\skillproject\node_modules\next\dist\compiled\next-server\app-page.runtime.dev.js:35:6939)
    at listOnTimeout (node:internal/timers:605:17)
    at process.processTimers (node:internal/timers:541:7)
digest: "3581677559"
 GET /roadmaps/frontend-dev/fe-t2 200 in 69ms
 ⨯ Internal error: Error: Element type is invalid: expected a string (for built-in components) or a class/function (for composite components) but got: undefined. You likely forgot to export your component from the file it's defined in, or you might have mixed up default and named imports.
    at aw (E:\skillproject\node_modules\next\dist\compiled\next-server\app-page.runtime.dev.js:35:46775)
    at aw (E:\skillproject\node_modules\next\dist\compiled\next-server\app-page.runtime.dev.js:35:46505)
    at a_ (E:\skillproject\node_modules\next\dist\compiled\next-server\app-page.runtime.dev.js:35:49776)
    at aj (E:\skillproject\node_modules\next\dist\compiled\next-server\app-page.runtime.dev.js:35:53793)
    at aC (E:\skillproject\node_modules\next\dist\compiled\next-server\app-page.runtime.dev.js:35:52874)
    at a_ (E:\skillproject\node_modules\next\dist\compiled\next-server\app-page.runtime.dev.js:35:50095)
    at aj (E:\skillproject\node_modules\next\dist\compiled\next-server\app-page.runtime.dev.js:35:53793)
    at E:\skillproject\node_modules\next\dist\compiled\next-server\app-page.runtime.dev.js:35:42336
    at aw (E:\skillproject\node_modules\next\dist\compiled\next-server\app-page.runtime.dev.js:35:42822)
    at a_ (E:\skillproject\node_modules\next\dist\compiled\next-server\app-page.runtime.dev.js:35:49776)
    at aj (E:\skillproject\node_modules\next\dist\compiled\next-server\app-page.runtime.dev.js:35:53793)
    at aC (E:\skillproject\node_modules\next\dist\compiled\next-server\app-page.runtime.dev.js:35:52874)
    at a_ (E:\skillproject\node_modules\next\dist\compiled\next-server\app-page.runtime.dev.js:35:50095)
    at aj (E:\skillproject\node_modules\next\dist\compiled\next-server\app-page.runtime.dev.js:35:53793)
    at E:\skillproject\node_modules\next\dist\compiled\next-server\app-page.runtime.dev.js:35:42336
    at aw (E:\skillproject\node_modules\next\dist\compiled\next-server\app-page.runtime.dev.js:35:42822)
    at a_ (E:\skillproject\node_modules\next\dist\compiled\next-server\app-page.runtime.dev.js:35:49776)
    at a_ (E:\skillproject\node_modules\next\dist\compiled\next-server\app-page.runtime.dev.js:35:50067)
    at E:\skillproject\node_modules\next\dist\compiled\next-server\app-page.runtime.dev.js:35:58612
    at E:\skillproject\node_modules\next\dist\compiled\next-server\app-page.runtime.dev.js:35:59270
    at aN (E:\skillproject\node_modules\next\dist\compiled\next-server\app-page.runtime.dev.js:35:59278)
    at Timeout._onTimeout (E:\skillproject\node_modules\next\dist\compiled\next-server\app-page.runtime.dev.js:35:6939)
    at listOnTimeout (node:internal/timers:605:17)
    at process.processTimers (node:internal/timers:541:7)
digest: "3581677559"
 GET /roadmaps/frontend-dev/fe-t3 200 in 76ms
 ⨯ Internal error: Error: Element type is invalid: expected a string (for built-in components) or a class/function (for composite components) but got: undefined. You likely forgot to export your component from the file it's defined in, or you might have mixed up default and named imports.
    at aw (E:\skillproject\node_modules\next\dist\compiled\next-server\app-page.runtime.dev.js:35:46775)
    at aw (E:\skillproject\node_modules\next\dist\compiled\next-server\app-page.runtime.dev.js:35:46505)
    at a_ (E:\skillproject\node_modules\next\dist\compiled\next-server\app-page.runtime.dev.js:35:49776)
    at aj (E:\skillproject\node_modules\next\dist\compiled\next-server\app-page.runtime.dev.js:35:53793)
    at aC (E:\skillproject\node_modules\next\dist\compiled\next-server\app-page.runtime.dev.js:35:52874)
    at a_ (E:\skillproject\node_modules\next\dist\compiled\next-server\app-page.runtime.dev.js:35:50095)
    at aj (E:\skillproject\node_modules\next\dist\compiled\next-server\app-page.runtime.dev.js:35:53793)
    at E:\skillproject\node_modules\next\dist\compiled\next-server\app-page.runtime.dev.js:35:42336
    at aw (E:\skillproject\node_modules\next\dist\compiled\next-server\app-page.runtime.dev.js:35:42822)
    at a_ (E:\skillproject\node_modules\next\dist\compiled\next-server\app-page.runtime.dev.js:35:49776)
    at aj (E:\skillproject\node_modules\next\dist\compiled\next-server\app-page.runtime.dev.js:35:53793)
    at aC (E:\skillproject\node_modules\next\dist\compiled\next-server\app-page.runtime.dev.js:35:52874)
    at a_ (E:\skillproject\node_modules\next\dist\compiled\next-server\app-page.runtime.dev.js:35:50095)
    at aj (E:\skillproject\node_modules\next\dist\compiled\next-server\app-page.runtime.dev.js:35:53793)
    at E:\skillproject\node_modules\next\dist\compiled\next-server\app-page.runtime.dev.js:35:42336
    at aw (E:\skillproject\node_modules\next\dist\compiled\next-server\app-page.runtime.dev.js:35:42822)
    at a_ (E:\skillproject\node_modules\next\dist\compiled\next-server\app-page.runtime.dev.js:35:49776)
    at a_ (E:\skillproject\node_modules\next\dist\compiled\next-server\app-page.runtime.dev.js:35:50067)
    at E:\skillproject\node_modules\next\dist\compiled\next-server\app-page.runtime.dev.js:35:58612
    at E:\skillproject\node_modules\next\dist\compiled\next-server\app-page.runtime.dev.js:35:59270
    at aN (E:\skillproject\node_modules\next\dist\compiled\next-server\app-page.runtime.dev.js:35:59278)
    at Timeout._onTimeout (E:\skillproject\node_modules\next\dist\compiled\next-server\app-page.runtime.dev.js:35:6939)
    at listOnTimeout (node:internal/timers:605:17)
    at process.processTimers (node:internal/timers:541:7)
digest: "3581677559"
 GET /roadmaps/frontend-dev/fe-t4 200 in 47ms
 ⨯ Internal error: Error: Element type is invalid: expected a string (for built-in components) or a class/function (for composite components) but got: undefined. You likely forgot to export your component from the file it's defined in, or you might have mixed up default and named imports.
    at aw (E:\skillproject\node_modules\next\dist\compiled\next-server\app-page.runtime.dev.js:35:46775)
    at aw (E:\skillproject\node_modules\next\dist\compiled\next-server\app-page.runtime.dev.js:35:46505)
    at a_ (E:\skillproject\node_modules\next\dist\compiled\next-server\app-page.runtime.dev.js:35:49776)
    at aj (E:\skillproject\node_modules\next\dist\compiled\next-server\app-page.runtime.dev.js:35:53793)
    at aC (E:\skillproject\node_modules\next\dist\compiled\next-server\app-page.runtime.dev.js:35:52874)
    at a_ (E:\skillproject\node_modules\next\dist\compiled\next-server\app-page.runtime.dev.js:35:50095)
    at aj (E:\skillproject\node_modules\next\dist\compiled\next-server\app-page.runtime.dev.js:35:53793)
    at E:\skillproject\node_modules\next\dist\compiled\next-server\app-page.runtime.dev.js:35:42336
    at aw (E:\skillproject\node_modules\next\dist\compiled\next-server\app-page.runtime.dev.js:35:42822)
    at a_ (E:\skillproject\node_modules\next\dist\compiled\next-server\app-page.runtime.dev.js:35:49776)
    at aj (E:\skillproject\node_modules\next\dist\compiled\next-server\app-page.runtime.dev.js:35:53793)
    at aC (E:\skillproject\node_modules\next\dist\compiled\next-server\app-page.runtime.dev.js:35:52874)
    at a_ (E:\skillproject\node_modules\next\dist\compiled\next-server\app-page.runtime.dev.js:35:50095)
    at aj (E:\skillproject\node_modules\next\dist\compiled\next-server\app-page.runtime.dev.js:35:53793)
    at E:\skillproject\node_modules\next\dist\compiled\next-server\app-page.runtime.dev.js:35:42336
    at aw (E:\skillproject\node_modules\next\dist\compiled\next-server\app-page.runtime.dev.js:35:42822)
    at a_ (E:\skillproject\node_modules\next\dist\compiled\next-server\app-page.runtime.dev.js:35:49776)
    at a_ (E:\skillproject\node_modules\next\dist\compiled\next-server\app-page.runtime.dev.js:35:50067)
    at E:\skillproject\node_modules\next\dist\compiled\next-server\app-page.runtime.dev.js:35:58612
    at E:\skillproject\node_modules\next\dist\compiled\next-server\app-page.runtime.dev.js:35:59270
    at aN (E:\skillproject\node_modules\next\dist\compiled\next-server\app-page.runtime.dev.js:35:59278)
    at Timeout._onTimeout (E:\skillproject\node_modules\next\dist\compiled\next-server\app-page.runtime.dev.js:35:6939)
    at listOnTimeout (node:internal/timers:605:17)
    at process.processTimers (node:internal/timers:541:7)
digest: "3581677559"
 GET /roadmaps/frontend-dev/fe-t5 200 in 59ms
 ⨯ Internal error: Error: Element type is invalid: expected a string (for built-in components) or a class/function (for composite components) but got: undefined. You likely forgot to export your component from the file it's defined in, or you might have mixed up default and named imports.
    at aw (E:\skillproject\node_modules\next\dist\compiled\next-server\app-page.runtime.dev.js:35:46775)
    at aw (E:\skillproject\node_modules\next\dist\compiled\next-server\app-page.runtime.dev.js:35:46505)
    at a_ (E:\skillproject\node_modules\next\dist\compiled\next-server\app-page.runtime.dev.js:35:49776)
    at aj (E:\skillproject\node_modules\next\dist\compiled\next-server\app-page.runtime.dev.js:35:53793)
    at aC (E:\skillproject\node_modules\next\dist\compiled\next-server\app-page.runtime.dev.js:35:52874)
    at a_ (E:\skillproject\node_modules\next\dist\compiled\next-server\app-page.runtime.dev.js:35:50095)
    at aj (E:\skillproject\node_modules\next\dist\compiled\next-server\app-page.runtime.dev.js:35:53793)
    at E:\skillproject\node_modules\next\dist\compiled\next-server\app-page.runtime.dev.js:35:42336
    at aw (E:\skillproject\node_modules\next\dist\compiled\next-server\app-page.runtime.dev.js:35:42822)
    at a_ (E:\skillproject\node_modules\next\dist\compiled\next-server\app-page.runtime.dev.js:35:49776)
    at aj (E:\skillproject\node_modules\next\dist\compiled\next-server\app-page.runtime.dev.js:35:53793)
    at aC (E:\skillproject\node_modules\next\dist\compiled\next-server\app-page.runtime.dev.js:35:52874)
    at a_ (E:\skillproject\node_modules\next\dist\compiled\next-server\app-page.runtime.dev.js:35:50095)
    at aj (E:\skillproject\node_modules\next\dist\compiled\next-server\app-page.runtime.dev.js:35:53793)
    at E:\skillproject\node_modules\next\dist\compiled\next-server\app-page.runtime.dev.js:35:42336
    at aw (E:\skillproject\node_modules\next\dist\compiled\next-server\app-page.runtime.dev.js:35:42822)
    at a_ (E:\skillproject\node_modules\next\dist\compiled\next-server\app-page.runtime.dev.js:35:49776)
    at a_ (E:\skillproject\node_modules\next\dist\compiled\next-server\app-page.runtime.dev.js:35:50067)
    at E:\skillproject\node_modules\next\dist\compiled\next-server\app-page.runtime.dev.js:35:58612
    at E:\skillproject\node_modules\next\dist\compiled\next-server\app-page.runtime.dev.js:35:59270
    at aN (E:\skillproject\node_modules\next\dist\compiled\next-server\app-page.runtime.dev.js:35:59278)
    at Timeout._onTimeout (E:\skillproject\node_modules\next\dist\compiled\next-server\app-page.runtime.dev.js:35:6939)
    at listOnTimeout (node:internal/timers:605:17)
    at process.processTimers (node:internal/timers:541:7)
digest: "3581677559"
 GET /roadmaps/frontend-dev/fe-t6 200 in 48ms
 ⨯ Internal error: Error: Element type is invalid: expected a string (for built-in components) or a class/function (for composite components) but got: undefined. You likely forgot to export your component from the file it's defined in, or you might have mixed up default and named imports.
    at aw (E:\skillproject\node_modules\next\dist\compiled\next-server\app-page.runtime.dev.js:35:46775)
    at aw (E:\skillproject\node_modules\next\dist\compiled\next-server\app-page.runtime.dev.js:35:46505)
    at a_ (E:\skillproject\node_modules\next\dist\compiled\next-server\app-page.runtime.dev.js:35:49776)
    at aj (E:\skillproject\node_modules\next\dist\compiled\next-server\app-page.runtime.dev.js:35:53793)
    at aC (E:\skillproject\node_modules\next\dist\compiled\next-server\app-page.runtime.dev.js:35:52874)
    at a_ (E:\skillproject\node_modules\next\dist\compiled\next-server\app-page.runtime.dev.js:35:50095)
    at aj (E:\skillproject\node_modules\next\dist\compiled\next-server\app-page.runtime.dev.js:35:53793)
    at E:\skillproject\node_modules\next\dist\compiled\next-server\app-page.runtime.dev.js:35:42336
    at aw (E:\skillproject\node_modules\next\dist\compiled\next-server\app-page.runtime.dev.js:35:42822)
    at a_ (E:\skillproject\node_modules\next\dist\compiled\next-server\app-page.runtime.dev.js:35:49776)
    at aj (E:\skillproject\node_modules\next\dist\compiled\next-server\app-page.runtime.dev.js:35:53793)
    at aC (E:\skillproject\node_modules\next\dist\compiled\next-server\app-page.runtime.dev.js:35:52874)
    at a_ (E:\skillproject\node_modules\next\dist\compiled\next-server\app-page.runtime.dev.js:35:50095)
    at aj (E:\skillproject\node_modules\next\dist\compiled\next-server\app-page.runtime.dev.js:35:53793)
    at E:\skillproject\node_modules\next\dist\compiled\next-server\app-page.runtime.dev.js:35:42336
    at aw (E:\skillproject\node_modules\next\dist\compiled\next-server\app-page.runtime.dev.js:35:42822)
    at a_ (E:\skillproject\node_modules\next\dist\compiled\next-server\app-page.runtime.dev.js:35:49776)
    at a_ (E:\skillproject\node_modules\next\dist\compiled\next-server\app-page.runtime.dev.js:35:50067)
    at E:\skillproject\node_modules\next\dist\compiled\next-server\app-page.runtime.dev.js:35:58612
    at E:\skillproject\node_modules\next\dist\compiled\next-server\app-page.runtime.dev.js:35:59270
    at aN (E:\skillproject\node_modules\next\dist\compiled\next-server\app-page.runtime.dev.js:35:59278)
    at Timeout._onTimeout (E:\skillproject\node_modules\next\dist\compiled\next-server\app-page.runtime.dev.js:35:6939)
    at listOnTimeout (node:internal/timers:605:17)
    at process.processTimers (node:internal/timers:541:7)
digest: "3581677559"
 GET /roadmaps/frontend-dev/fe-t7 200 in 68ms
 ⨯ Internal error: Error: Element type is invalid: expected a string (for built-in components) or a class/function (for composite components) but got: undefined. You likely forgot to export your component from the file it's defined in, or you might have mixed up default and named imports.
    at aw (E:\skillproject\node_modules\next\dist\compiled\next-server\app-page.runtime.dev.js:35:46775)
    at aw (E:\skillproject\node_modules\next\dist\compiled\next-server\app-page.runtime.dev.js:35:46505)
    at a_ (E:\skillproject\node_modules\next\dist\compiled\next-server\app-page.runtime.dev.js:35:49776)
    at aj (E:\skillproject\node_modules\next\dist\compiled\next-server\app-page.runtime.dev.js:35:53793)
    at aC (E:\skillproject\node_modules\next\dist\compiled\next-server\app-page.runtime.dev.js:35:52874)
    at a_ (E:\skillproject\node_modules\next\dist\compiled\next-server\app-page.runtime.dev.js:35:50095)
    at aj (E:\skillproject\node_modules\next\dist\compiled\next-server\app-page.runtime.dev.js:35:53793)
    at E:\skillproject\node_modules\next\dist\compiled\next-server\app-page.runtime.dev.js:35:42336
    at aw (E:\skillproject\node_modules\next\dist\compiled\next-server\app-page.runtime.dev.js:35:42822)
    at a_ (E:\skillproject\node_modules\next\dist\compiled\next-server\app-page.runtime.dev.js:35:49776)
    at aj (E:\skillproject\node_modules\next\dist\compiled\next-server\app-page.runtime.dev.js:35:53793)
    at aC (E:\skillproject\node_modules\next\dist\compiled\next-server\app-page.runtime.dev.js:35:52874)
    at a_ (E:\skillproject\node_modules\next\dist\compiled\next-server\app-page.runtime.dev.js:35:50095)
    at aj (E:\skillproject\node_modules\next\dist\compiled\next-server\app-page.runtime.dev.js:35:53793)
    at E:\skillproject\node_modules\next\dist\compiled\next-server\app-page.runtime.dev.js:35:42336
    at aw (E:\skillproject\node_modules\next\dist\compiled\next-server\app-page.runtime.dev.js:35:42822)
    at a_ (E:\skillproject\node_modules\next\dist\compiled\next-server\app-page.runtime.dev.js:35:49776)
    at a_ (E:\skillproject\node_modules\next\dist\compiled\next-server\app-page.runtime.dev.js:35:50067)
    at E:\skillproject\node_modules\next\dist\compiled\next-server\app-page.runtime.dev.js:35:58612
    at E:\skillproject\node_modules\next\dist\compiled\next-server\app-page.runtime.dev.js:35:59270
    at aN (E:\skillproject\node_modules\next\dist\compiled\next-server\app-page.runtime.dev.js:35:59278)
    at Timeout._onTimeout (E:\skillproject\node_modules\next\dist\compiled\next-server\app-page.runtime.dev.js:35:6939)
    at listOnTimeout (node:internal/timers:605:17)
    at process.processTimers (node:internal/timers:541:7)
digest: "3581677559"
 GET /roadmaps/frontend-dev/fe-t8 200 in 48ms
 ⨯ Internal error: Error: Element type is invalid: expected a string (for built-in components) or a class/function (for composite components) but got: undefined. You likely forgot to export your component from the file it's defined in, or you might have mixed up default and named imports.
    at aw (E:\skillproject\node_modules\next\dist\compiled\next-server\app-page.runtime.dev.js:35:46775)
    at aw (E:\skillproject\node_modules\next\dist\compiled\next-server\app-page.runtime.dev.js:35:46505)
    at a_ (E:\skillproject\node_modules\next\dist\compiled\next-server\app-page.runtime.dev.js:35:49776)
    at aj (E:\skillproject\node_modules\next\dist\compiled\next-server\app-page.runtime.dev.js:35:53793)
    at aC (E:\skillproject\node_modules\next\dist\compiled\next-server\app-page.runtime.dev.js:35:52874)
    at a_ (E:\skillproject\node_modules\next\dist\compiled\next-server\app-page.runtime.dev.js:35:50095)
    at aj (E:\skillproject\node_modules\next\dist\compiled\next-server\app-page.runtime.dev.js:35:53793)
    at E:\skillproject\node_modules\next\dist\compiled\next-server\app-page.runtime.dev.js:35:42336
    at aw (E:\skillproject\node_modules\next\dist\compiled\next-server\app-page.runtime.dev.js:35:42822)
    at a_ (E:\skillproject\node_modules\next\dist\compiled\next-server\app-page.runtime.dev.js:35:49776)
    at aj (E:\skillproject\node_modules\next\dist\compiled\next-server\app-page.runtime.dev.js:35:53793)
    at aC (E:\skillproject\node_modules\next\dist\compiled\next-server\app-page.runtime.dev.js:35:52874)
    at a_ (E:\skillproject\node_modules\next\dist\compiled\next-server\app-page.runtime.dev.js:35:50095)
    at aj (E:\skillproject\node_modules\next\dist\compiled\next-server\app-page.runtime.dev.js:35:53793)
    at E:\skillproject\node_modules\next\dist\compiled\next-server\app-page.runtime.dev.js:35:42336
    at aw (E:\skillproject\node_modules\next\dist\compiled\next-server\app-page.runtime.dev.js:35:42822)
    at a_ (E:\skillproject\node_modules\next\dist\compiled\next-server\app-page.runtime.dev.js:35:49776)
    at a_ (E:\skillproject\node_modules\next\dist\compiled\next-server\app-page.runtime.dev.js:35:50067)
    at E:\skillproject\node_modules\next\dist\compiled\next-server\app-page.runtime.dev.js:35:58612
    at E:\skillproject\node_modules\next\dist\compiled\next-server\app-page.runtime.dev.js:35:59270
    at aN (E:\skillproject\node_modules\next\dist\compiled\next-server\app-page.runtime.dev.js:35:59278)
    at Timeout._onTimeout (E:\skillproject\node_modules\next\dist\compiled\next-server\app-page.runtime.dev.js:35:6939)
    at listOnTimeout (node:internal/timers:605:17)
    at process.processTimers (node:internal/timers:541:7)
digest: "3581677559"
 GET /roadmaps/frontend-dev/fe-t9 200 in 61ms
 ⨯ Internal error: Error: Element type is invalid: expected a string (for built-in components) or a class/function (for composite components) but got: undefined. You likely forgot to export your component from the file it's defined in, or you might have mixed up default and named imports.
    at aw (E:\skillproject\node_modules\next\dist\compiled\next-server\app-page.runtime.dev.js:35:46775)
    at aw (E:\skillproject\node_modules\next\dist\compiled\next-server\app-page.runtime.dev.js:35:46505)
    at a_ (E:\skillproject\node_modules\next\dist\compiled\next-server\app-page.runtime.dev.js:35:49776)
    at aj (E:\skillproject\node_modules\next\dist\compiled\next-server\app-page.runtime.dev.js:35:53793)
    at aC (E:\skillproject\node_modules\next\dist\compiled\next-server\app-page.runtime.dev.js:35:52874)
    at a_ (E:\skillproject\node_modules\next\dist\compiled\next-server\app-page.runtime.dev.js:35:50095)
    at aj (E:\skillproject\node_modules\next\dist\compiled\next-server\app-page.runtime.dev.js:35:53793)
    at E:\skillproject\node_modules\next\dist\compiled\next-server\app-page.runtime.dev.js:35:42336
    at aw (E:\skillproject\node_modules\next\dist\compiled\next-server\app-page.runtime.dev.js:35:42822)
    at a_ (E:\skillproject\node_modules\next\dist\compiled\next-server\app-page.runtime.dev.js:35:49776)
    at aj (E:\skillproject\node_modules\next\dist\compiled\next-server\app-page.runtime.dev.js:35:53793)
    at aC (E:\skillproject\node_modules\next\dist\compiled\next-server\app-page.runtime.dev.js:35:52874)
    at a_ (E:\skillproject\node_modules\next\dist\compiled\next-server\app-page.runtime.dev.js:35:50095)
    at aj (E:\skillproject\node_modules\next\dist\compiled\next-server\app-page.runtime.dev.js:35:53793)
    at E:\skillproject\node_modules\next\dist\compiled\next-server\app-page.runtime.dev.js:35:42336
    at aw (E:\skillproject\node_modules\next\dist\compiled\next-server\app-page.runtime.dev.js:35:42822)
    at a_ (E:\skillproject\node_modules\next\dist\compiled\next-server\app-page.runtime.dev.js:35:49776)
    at a_ (E:\skillproject\node_modules\next\dist\compiled\next-server\app-page.runtime.dev.js:35:50067)
    at E:\skillproject\node_modules\next\dist\compiled\next-server\app-page.runtime.dev.js:35:58612
    at E:\skillproject\node_modules\next\dist\compiled\next-server\app-page.runtime.dev.js:35:59270
    at aN (E:\skillproject\node_modules\next\dist\compiled\next-server\app-page.runtime.dev.js:35:59278)
    at Timeout._onTimeout (E:\skillproject\node_modules\next\dist\compiled\next-server\app-page.runtime.dev.js:35:6939)
    at listOnTimeout (node:internal/timers:605:17)
    at process.processTimers (node:internal/timers:541:7)
digest: "3581677559"
 GET /roadmaps/qa-testing/qa-t1 200 in 36ms
 ⨯ Internal error: Error: Element type is invalid: expected a string (for built-in components) or a class/function (for composite components) but got: undefined. You likely forgot to export your component from the file it's defined in, or you might have mixed up default and named imports.
    at aw (E:\skillproject\node_modules\next\dist\compiled\next-server\app-page.runtime.dev.js:35:46775)
    at aw (E:\skillproject\node_modules\next\dist\compiled\next-server\app-page.runtime.dev.js:35:46505)
    at a_ (E:\skillproject\node_modules\next\dist\compiled\next-server\app-page.runtime.dev.js:35:49776)
    at aj (E:\skillproject\node_modules\next\dist\compiled\next-server\app-page.runtime.dev.js:35:53793)
    at aC (E:\skillproject\node_modules\next\dist\compiled\next-server\app-page.runtime.dev.js:35:52874)
    at a_ (E:\skillproject\node_modules\next\dist\compiled\next-server\app-page.runtime.dev.js:35:50095)
    at aj (E:\skillproject\node_modules\next\dist\compiled\next-server\app-page.runtime.dev.js:35:53793)
    at E:\skillproject\node_modules\next\dist\compiled\next-server\app-page.runtime.dev.js:35:42336
    at aw (E:\skillproject\node_modules\next\dist\compiled\next-server\app-page.runtime.dev.js:35:42822)
    at a_ (E:\skillproject\node_modules\next\dist\compiled\next-server\app-page.runtime.dev.js:35:49776)
    at aj (E:\skillproject\node_modules\next\dist\compiled\next-server\app-page.runtime.dev.js:35:53793)
    at aC (E:\skillproject\node_modules\next\dist\compiled\next-server\app-page.runtime.dev.js:35:52874)
    at a_ (E:\skillproject\node_modules\next\dist\compiled\next-server\app-page.runtime.dev.js:35:50095)
    at aj (E:\skillproject\node_modules\next\dist\compiled\next-server\app-page.runtime.dev.js:35:53793)
    at E:\skillproject\node_modules\next\dist\compiled\next-server\app-page.runtime.dev.js:35:42336
    at aw (E:\skillproject\node_modules\next\dist\compiled\next-server\app-page.runtime.dev.js:35:42822)
    at a_ (E:\skillproject\node_modules\next\dist\compiled\next-server\app-page.runtime.dev.js:35:49776)
    at a_ (E:\skillproject\node_modules\next\dist\compiled\next-server\app-page.runtime.dev.js:35:50067)
    at E:\skillproject\node_modules\next\dist\compiled\next-server\app-page.runtime.dev.js:35:58612
    at E:\skillproject\node_modules\next\dist\compiled\next-server\app-page.runtime.dev.js:35:59270
    at aN (E:\skillproject\node_modules\next\dist\compiled\next-server\app-page.runtime.dev.js:35:59278)
    at Timeout._onTimeout (E:\skillproject\node_modules\next\dist\compiled\next-server\app-page.runtime.dev.js:35:6939)
    at listOnTimeout (node:internal/timers:605:17)
    at process.processTimers (node:internal/timers:541:7)
digest: "3581677559"
 GET /roadmaps/qa-testing/qa-t2 200 in 46ms
 ⨯ Internal error: Error: Element type is invalid: expected a string (for built-in components) or a class/function (for composite components) but got: undefined. You likely forgot to export your component from the file it's defined in, or you might have mixed up default and named imports.
    at aw (E:\skillproject\node_modules\next\dist\compiled\next-server\app-page.runtime.dev.js:35:46775)
    at aw (E:\skillproject\node_modules\next\dist\compiled\next-server\app-page.runtime.dev.js:35:46505)
    at a_ (E:\skillproject\node_modules\next\dist\compiled\next-server\app-page.runtime.dev.js:35:49776)
    at aj (E:\skillproject\node_modules\next\dist\compiled\next-server\app-page.runtime.dev.js:35:53793)
    at aC (E:\skillproject\node_modules\next\dist\compiled\next-server\app-page.runtime.dev.js:35:52874)
    at a_ (E:\skillproject\node_modules\next\dist\compiled\next-server\app-page.runtime.dev.js:35:50095)
    at aj (E:\skillproject\node_modules\next\dist\compiled\next-server\app-page.runtime.dev.js:35:53793)
    at E:\skillproject\node_modules\next\dist\compiled\next-server\app-page.runtime.dev.js:35:42336
    at aw (E:\skillproject\node_modules\next\dist\compiled\next-server\app-page.runtime.dev.js:35:42822)
    at a_ (E:\skillproject\node_modules\next\dist\compiled\next-server\app-page.runtime.dev.js:35:49776)
    at aj (E:\skillproject\node_modules\next\dist\compiled\next-server\app-page.runtime.dev.js:35:53793)
    at aC (E:\skillproject\node_modules\next\dist\compiled\next-server\app-page.runtime.dev.js:35:52874)
    at a_ (E:\skillproject\node_modules\next\dist\compiled\next-server\app-page.runtime.dev.js:35:50095)
    at aj (E:\skillproject\node_modules\next\dist\compiled\next-server\app-page.runtime.dev.js:35:53793)
    at E:\skillproject\node_modules\next\dist\compiled\next-server\app-page.runtime.dev.js:35:42336
    at aw (E:\skillproject\node_modules\next\dist\compiled\next-server\app-page.runtime.dev.js:35:42822)
    at a_ (E:\skillproject\node_modules\next\dist\compiled\next-server\app-page.runtime.dev.js:35:49776)
    at a_ (E:\skillproject\node_modules\next\dist\compiled\next-server\app-page.runtime.dev.js:35:50067)
    at E:\skillproject\node_modules\next\dist\compiled\next-server\app-page.runtime.dev.js:35:58612
    at E:\skillproject\node_modules\next\dist\compiled\next-server\app-page.runtime.dev.js:35:59270
    at aN (E:\skillproject\node_modules\next\dist\compiled\next-server\app-page.runtime.dev.js:35:59278)
    at Timeout._onTimeout (E:\skillproject\node_modules\next\dist\compiled\next-server\app-page.runtime.dev.js:35:6939)
    at listOnTimeout (node:internal/timers:605:17)
    at process.processTimers (node:internal/timers:541:7)
digest: "3581677559"
 GET /roadmaps/qa-testing/qa-t3 200 in 33ms
 ⨯ Internal error: Error: Element type is invalid: expected a string (for built-in components) or a class/function (for composite components) but got: undefined. You likely forgot to export your component from the file it's defined in, or you might have mixed up default and named imports.
    at aw (E:\skillproject\node_modules\next\dist\compiled\next-server\app-page.runtime.dev.js:35:46775)
    at aw (E:\skillproject\node_modules\next\dist\compiled\next-server\app-page.runtime.dev.js:35:46505)
    at a_ (E:\skillproject\node_modules\next\dist\compiled\next-server\app-page.runtime.dev.js:35:49776)
    at aj (E:\skillproject\node_modules\next\dist\compiled\next-server\app-page.runtime.dev.js:35:53793)
    at aC (E:\skillproject\node_modules\next\dist\compiled\next-server\app-page.runtime.dev.js:35:52874)
    at a_ (E:\skillproject\node_modules\next\dist\compiled\next-server\app-page.runtime.dev.js:35:50095)
    at aj (E:\skillproject\node_modules\next\dist\compiled\next-server\app-page.runtime.dev.js:35:53793)
    at E:\skillproject\node_modules\next\dist\compiled\next-server\app-page.runtime.dev.js:35:42336
    at aw (E:\skillproject\node_modules\next\dist\compiled\next-server\app-page.runtime.dev.js:35:42822)
    at a_ (E:\skillproject\node_modules\next\dist\compiled\next-server\app-page.runtime.dev.js:35:49776)
    at aj (E:\skillproject\node_modules\next\dist\compiled\next-server\app-page.runtime.dev.js:35:53793)
    at aC (E:\skillproject\node_modules\next\dist\compiled\next-server\app-page.runtime.dev.js:35:52874)
    at a_ (E:\skillproject\node_modules\next\dist\compiled\next-server\app-page.runtime.dev.js:35:50095)
    at aj (E:\skillproject\node_modules\next\dist\compiled\next-server\app-page.runtime.dev.js:35:53793)
    at E:\skillproject\node_modules\next\dist\compiled\next-server\app-page.runtime.dev.js:35:42336
    at aw (E:\skillproject\node_modules\next\dist\compiled\next-server\app-page.runtime.dev.js:35:42822)
    at a_ (E:\skillproject\node_modules\next\dist\compiled\next-server\app-page.runtime.dev.js:35:49776)
    at a_ (E:\skillproject\node_modules\next\dist\compiled\next-server\app-page.runtime.dev.js:35:50067)
    at E:\skillproject\node_modules\next\dist\compiled\next-server\app-page.runtime.dev.js:35:58612
    at E:\skillproject\node_modules\next\dist\compiled\next-server\app-page.runtime.dev.js:35:59270
    at aN (E:\skillproject\node_modules\next\dist\compiled\next-server\app-page.runtime.dev.js:35:59278)
    at Timeout._onTimeout (E:\skillproject\node_modules\next\dist\compiled\next-server\app-page.runtime.dev.js:35:6939)
    at listOnTimeout (node:internal/timers:605:17)
    at process.processTimers (node:internal/timers:541:7)
digest: "3581677559"
 GET /roadmaps/qa-testing/qa-t4 200 in 89ms
 ⨯ Internal error: Error: Element type is invalid: expected a string (for built-in components) or a class/function (for composite components) but got: undefined. You likely forgot to export your component from the file it's defined in, or you might have mixed up default and named imports.
    at aw (E:\skillproject\node_modules\next\dist\compiled\next-server\app-page.runtime.dev.js:35:46775)
    at aw (E:\skillproject\node_modules\next\dist\compiled\next-server\app-page.runtime.dev.js:35:46505)
    at a_ (E:\skillproject\node_modules\next\dist\compiled\next-server\app-page.runtime.dev.js:35:49776)
    at aj (E:\skillproject\node_modules\next\dist\compiled\next-server\app-page.runtime.dev.js:35:53793)
    at aC (E:\skillproject\node_modules\next\dist\compiled\next-server\app-page.runtime.dev.js:35:52874)
    at a_ (E:\skillproject\node_modules\next\dist\compiled\next-server\app-page.runtime.dev.js:35:50095)
    at aj (E:\skillproject\node_modules\next\dist\compiled\next-server\app-page.runtime.dev.js:35:53793)
    at E:\skillproject\node_modules\next\dist\compiled\next-server\app-page.runtime.dev.js:35:42336
    at aw (E:\skillproject\node_modules\next\dist\compiled\next-server\app-page.runtime.dev.js:35:42822)
    at a_ (E:\skillproject\node_modules\next\dist\compiled\next-server\app-page.runtime.dev.js:35:49776)
    at aj (E:\skillproject\node_modules\next\dist\compiled\next-server\app-page.runtime.dev.js:35:53793)
    at aC (E:\skillproject\node_modules\next\dist\compiled\next-server\app-page.runtime.dev.js:35:52874)
    at a_ (E:\skillproject\node_modules\next\dist\compiled\next-server\app-page.runtime.dev.js:35:50095)
    at aj (E:\skillproject\node_modules\next\dist\compiled\next-server\app-page.runtime.dev.js:35:53793)
    at E:\skillproject\node_modules\next\dist\compiled\next-server\app-page.runtime.dev.js:35:42336
    at aw (E:\skillproject\node_modules\next\dist\compiled\next-server\app-page.runtime.dev.js:35:42822)
    at a_ (E:\skillproject\node_modules\next\dist\compiled\next-server\app-page.runtime.dev.js:35:49776)
    at a_ (E:\skillproject\node_modules\next\dist\compiled\next-server\app-page.runtime.dev.js:35:50067)
    at E:\skillproject\node_modules\next\dist\compiled\next-server\app-page.runtime.dev.js:35:58612
    at E:\skillproject\node_modules\next\dist\compiled\next-server\app-page.runtime.dev.js:35:59270
    at aN (E:\skillproject\node_modules\next\dist\compiled\next-server\app-page.runtime.dev.js:35:59278)
    at Timeout._onTimeout (E:\skillproject\node_modules\next\dist\compiled\next-server\app-page.runtime.dev.js:35:6939)
    at listOnTimeout (node:internal/timers:605:17)
    at process.processTimers (node:internal/timers:541:7)
digest: "3581677559"
 GET /roadmaps/qa-testing/qa-t5 200 in 54ms
 ⨯ Internal error: Error: Element type is invalid: expected a string (for built-in components) or a class/function (for composite components) but got: undefined. You likely forgot to export your component from the file it's defined in, or you might have mixed up default and named imports.
    at aw (E:\skillproject\node_modules\next\dist\compiled\next-server\app-page.runtime.dev.js:35:46775)
    at aw (E:\skillproject\node_modules\next\dist\compiled\next-server\app-page.runtime.dev.js:35:46505)
    at a_ (E:\skillproject\node_modules\next\dist\compiled\next-server\app-page.runtime.dev.js:35:49776)
    at aj (E:\skillproject\node_modules\next\dist\compiled\next-server\app-page.runtime.dev.js:35:53793)
    at aC (E:\skillproject\node_modules\next\dist\compiled\next-server\app-page.runtime.dev.js:35:52874)
    at a_ (E:\skillproject\node_modules\next\dist\compiled\next-server\app-page.runtime.dev.js:35:50095)
    at aj (E:\skillproject\node_modules\next\dist\compiled\next-server\app-page.runtime.dev.js:35:53793)
    at E:\skillproject\node_modules\next\dist\compiled\next-server\app-page.runtime.dev.js:35:42336
    at aw (E:\skillproject\node_modules\next\dist\compiled\next-server\app-page.runtime.dev.js:35:42822)
    at a_ (E:\skillproject\node_modules\next\dist\compiled\next-server\app-page.runtime.dev.js:35:49776)
    at aj (E:\skillproject\node_modules\next\dist\compiled\next-server\app-page.runtime.dev.js:35:53793)
    at aC (E:\skillproject\node_modules\next\dist\compiled\next-server\app-page.runtime.dev.js:35:52874)
    at a_ (E:\skillproject\node_modules\next\dist\compiled\next-server\app-page.runtime.dev.js:35:50095)
    at aj (E:\skillproject\node_modules\next\dist\compiled\next-server\app-page.runtime.dev.js:35:53793)
    at E:\skillproject\node_modules\next\dist\compiled\next-server\app-page.runtime.dev.js:35:42336
    at aw (E:\skillproject\node_modules\next\dist\compiled\next-server\app-page.runtime.dev.js:35:42822)
    at a_ (E:\skillproject\node_modules\next\dist\compiled\next-server\app-page.runtime.dev.js:35:49776)
    at a_ (E:\skillproject\node_modules\next\dist\compiled\next-server\app-page.runtime.dev.js:35:50067)
    at E:\skillproject\node_modules\next\dist\compiled\next-server\app-page.runtime.dev.js:35:58612
    at E:\skillproject\node_modules\next\dist\compiled\next-server\app-page.runtime.dev.js:35:59270
    at aN (E:\skillproject\node_modules\next\dist\compiled\next-server\app-page.runtime.dev.js:35:59278)
    at Timeout._onTimeout (E:\skillproject\node_modules\next\dist\compiled\next-server\app-page.runtime.dev.js:35:6939)
    at listOnTimeout (node:internal/timers:605:17)
    at process.processTimers (node:internal/timers:541:7)
digest: "3581677559"
 GET /roadmaps/qa-testing/qa-t6 200 in 48ms
 ⨯ Internal error: Error: Element type is invalid: expected a string (for built-in components) or a class/function (for composite components) but got: undefined. You likely forgot to export your component from the file it's defined in, or you might have mixed up default and named imports.
    at aw (E:\skillproject\node_modules\next\dist\compiled\next-server\app-page.runtime.dev.js:35:46775)
    at aw (E:\skillproject\node_modules\next\dist\compiled\next-server\app-page.runtime.dev.js:35:46505)
    at a_ (E:\skillproject\node_modules\next\dist\compiled\next-server\app-page.runtime.dev.js:35:49776)
    at aj (E:\skillproject\node_modules\next\dist\compiled\next-server\app-page.runtime.dev.js:35:53793)
    at aC (E:\skillproject\node_modules\next\dist\compiled\next-server\app-page.runtime.dev.js:35:52874)
    at a_ (E:\skillproject\node_modules\next\dist\compiled\next-server\app-page.runtime.dev.js:35:50095)
    at aj (E:\skillproject\node_modules\next\dist\compiled\next-server\app-page.runtime.dev.js:35:53793)
    at E:\skillproject\node_modules\next\dist\compiled\next-server\app-page.runtime.dev.js:35:42336
    at aw (E:\skillproject\node_modules\next\dist\compiled\next-server\app-page.runtime.dev.js:35:42822)
    at a_ (E:\skillproject\node_modules\next\dist\compiled\next-server\app-page.runtime.dev.js:35:49776)
    at aj (E:\skillproject\node_modules\next\dist\compiled\next-server\app-page.runtime.dev.js:35:53793)
    at aC (E:\skillproject\node_modules\next\dist\compiled\next-server\app-page.runtime.dev.js:35:52874)
    at a_ (E:\skillproject\node_modules\next\dist\compiled\next-server\app-page.runtime.dev.js:35:50095)
    at aj (E:\skillproject\node_modules\next\dist\compiled\next-server\app-page.runtime.dev.js:35:53793)
    at E:\skillproject\node_modules\next\dist\compiled\next-server\app-page.runtime.dev.js:35:42336
    at aw (E:\skillproject\node_modules\next\dist\compiled\next-server\app-page.runtime.dev.js:35:42822)
    at a_ (E:\skillproject\node_modules\next\dist\compiled\next-server\app-page.runtime.dev.js:35:49776)
    at a_ (E:\skillproject\node_modules\next\dist\compiled\next-server\app-page.runtime.dev.js:35:50067)
    at E:\skillproject\node_modules\next\dist\compiled\next-server\app-page.runtime.dev.js:35:58612
    at E:\skillproject\node_modules\next\dist\compiled\next-server\app-page.runtime.dev.js:35:59270
    at aN (E:\skillproject\node_modules\next\dist\compiled\next-server\app-page.runtime.dev.js:35:59278)
    at Timeout._onTimeout (E:\skillproject\node_modules\next\dist\compiled\next-server\app-page.runtime.dev.js:35:6939)
    at listOnTimeout (node:internal/timers:605:17)
    at process.processTimers (node:internal/timers:541:7)
digest: "3581677559"
 GET /roadmaps/qa-testing/qa-t7 200 in 58ms
 ⨯ Internal error: Error: Element type is invalid: expected a string (for built-in components) or a class/function (for composite components) but got: undefined. You likely forgot to export your component from the file it's defined in, or you might have mixed up default and named imports.
    at aw (E:\skillproject\node_modules\next\dist\compiled\next-server\app-page.runtime.dev.js:35:46775)
    at aw (E:\skillproject\node_modules\next\dist\compiled\next-server\app-page.runtime.dev.js:35:46505)
    at a_ (E:\skillproject\node_modules\next\dist\compiled\next-server\app-page.runtime.dev.js:35:49776)
    at aj (E:\skillproject\node_modules\next\dist\compiled\next-server\app-page.runtime.dev.js:35:53793)
    at aC (E:\skillproject\node_modules\next\dist\compiled\next-server\app-page.runtime.dev.js:35:52874)
    at a_ (E:\skillproject\node_modules\next\dist\compiled\next-server\app-page.runtime.dev.js:35:50095)
    at aj (E:\skillproject\node_modules\next\dist\compiled\next-server\app-page.runtime.dev.js:35:53793)
    at E:\skillproject\node_modules\next\dist\compiled\next-server\app-page.runtime.dev.js:35:42336
    at aw (E:\skillproject\node_modules\next\dist\compiled\next-server\app-page.runtime.dev.js:35:42822)
    at a_ (E:\skillproject\node_modules\next\dist\compiled\next-server\app-page.runtime.dev.js:35:49776)
    at aj (E:\skillproject\node_modules\next\dist\compiled\next-server\app-page.runtime.dev.js:35:53793)
    at aC (E:\skillproject\node_modules\next\dist\compiled\next-server\app-page.runtime.dev.js:35:52874)
    at a_ (E:\skillproject\node_modules\next\dist\compiled\next-server\app-page.runtime.dev.js:35:50095)
    at aj (E:\skillproject\node_modules\next\dist\compiled\next-server\app-page.runtime.dev.js:35:53793)
    at E:\skillproject\node_modules\next\dist\compiled\next-server\app-page.runtime.dev.js:35:42336
    at aw (E:\skillproject\node_modules\next\dist\compiled\next-server\app-page.runtime.dev.js:35:42822)
    at a_ (E:\skillproject\node_modules\next\dist\compiled\next-server\app-page.runtime.dev.js:35:49776)
    at a_ (E:\skillproject\node_modules\next\dist\compiled\next-server\app-page.runtime.dev.js:35:50067)
    at E:\skillproject\node_modules\next\dist\compiled\next-server\app-page.runtime.dev.js:35:58612
    at E:\skillproject\node_modules\next\dist\compiled\next-server\app-page.runtime.dev.js:35:59270
    at aN (E:\skillproject\node_modules\next\dist\compiled\next-server\app-page.runtime.dev.js:35:59278)
    at Timeout._onTimeout (E:\skillproject\node_modules\next\dist\compiled\next-server\app-page.runtime.dev.js:35:6939)
    at listOnTimeout (node:internal/timers:605:17)
    at process.processTimers (node:internal/timers:541:7)
digest: "3581677559"
 GET /roadmaps/frontend-dev/fe-t7 200 in 68ms
 ○ Compiling /api/auth/me ...
 ✓ Compiled /api/auth/me in 632ms (334 modules)
 GET /api/auth/me 200 in 682ms
 GET /api/auth/me 200 in 755ms
 ⨯ Internal error: Error: Element type is invalid: expected a string (for built-in components) or a class/function (for composite components) but got: undefined. You likely forgot to export your component from the file it's defined in, or you might have mixed up default and named imports.
    at aw (E:\skillproject\node_modules\next\dist\compiled\next-server\app-page.runtime.dev.js:35:46775)
    at aw (E:\skillproject\node_modules\next\dist\compiled\next-server\app-page.runtime.dev.js:35:46505)
    at a_ (E:\skillproject\node_modules\next\dist\compiled\next-server\app-page.runtime.dev.js:35:49776)
    at aj (E:\skillproject\node_modules\next\dist\compiled\next-server\app-page.runtime.dev.js:35:53793)
    at aC (E:\skillproject\node_modules\next\dist\compiled\next-server\app-page.runtime.dev.js:35:52874)
    at a_ (E:\skillproject\node_modules\next\dist\compiled\next-server\app-page.runtime.dev.js:35:50095)
    at aj (E:\skillproject\node_modules\next\dist\compiled\next-server\app-page.runtime.dev.js:35:53793)
    at E:\skillproject\node_modules\next\dist\compiled\next-server\app-page.runtime.dev.js:35:42336
    at aw (E:\skillproject\node_modules\next\dist\compiled\next-server\app-page.runtime.dev.js:35:42822)
    at a_ (E:\skillproject\node_modules\next\dist\compiled\next-server\app-page.runtime.dev.js:35:49776)
    at aj (E:\skillproject\node_modules\next\dist\compiled\next-server\app-page.runtime.dev.js:35:53793)
    at aC (E:\skillproject\node_modules\next\dist\compiled\next-server\app-page.runtime.dev.js:35:52874)
    at a_ (E:\skillproject\node_modules\next\dist\compiled\next-server\app-page.runtime.dev.js:35:50095)
    at aj (E:\skillproject\node_modules\next\dist\compiled\next-server\app-page.runtime.dev.js:35:53793)
    at E:\skillproject\node_modules\next\dist\compiled\next-server\app-page.runtime.dev.js:35:42336
    at aw (E:\skillproject\node_modules\next\dist\compiled\next-server\app-page.runtime.dev.js:35:42822)
    at a_ (E:\skillproject\node_modules\next\dist\compiled\next-server\app-page.runtime.dev.js:35:49776)
    at a_ (E:\skillproject\node_modules\next\dist\compiled\next-server\app-page.runtime.dev.js:35:50067)
    at E:\skillproject\node_modules\next\dist\compiled\next-server\app-page.runtime.dev.js:35:58612
    at E:\skillproject\node_modules\next\dist\compiled\next-server\app-page.runtime.dev.js:35:59270
    at aN (E:\skillproject\node_modules\next\dist\compiled\next-server\app-page.runtime.dev.js:35:59278)
    at Timeout._onTimeout (E:\skillproject\node_modules\next\dist\compiled\next-server\app-page.runtime.dev.js:35:6939)
    at listOnTimeout (node:internal/timers:605:17)
    at process.processTimers (node:internal/timers:541:7)
digest: "3581677559"
 GET /roadmaps/frontend-dev/fe-t7 200 in 163ms
 ⨯ Internal error: Error: Element type is invalid: expected a string (for built-in components) or a class/function (for composite components) but got: undefined. You likely forgot to export your component from the file it's defined in, or you might have mixed up default and named imports.
    at aw (E:\skillproject\node_modules\next\dist\compiled\next-server\app-page.runtime.dev.js:35:46775)
    at aw (E:\skillproject\node_modules\next\dist\compiled\next-server\app-page.runtime.dev.js:35:46505)
    at a_ (E:\skillproject\node_modules\next\dist\compiled\next-server\app-page.runtime.dev.js:35:49776)
    at aj (E:\skillproject\node_modules\next\dist\compiled\next-server\app-page.runtime.dev.js:35:53793)
    at aC (E:\skillproject\node_modules\next\dist\compiled\next-server\app-page.runtime.dev.js:35:52874)
    at a_ (E:\skillproject\node_modules\next\dist\compiled\next-server\app-page.runtime.dev.js:35:50095)
    at aj (E:\skillproject\node_modules\next\dist\compiled\next-server\app-page.runtime.dev.js:35:53793)
    at E:\skillproject\node_modules\next\dist\compiled\next-server\app-page.runtime.dev.js:35:42336
    at aw (E:\skillproject\node_modules\next\dist\compiled\next-server\app-page.runtime.dev.js:35:42822)
    at a_ (E:\skillproject\node_modules\next\dist\compiled\next-server\app-page.runtime.dev.js:35:49776)
    at aj (E:\skillproject\node_modules\next\dist\compiled\next-server\app-page.runtime.dev.js:35:53793)
    at aC (E:\skillproject\node_modules\next\dist\compiled\next-server\app-page.runtime.dev.js:35:52874)
    at a_ (E:\skillproject\node_modules\next\dist\compiled\next-server\app-page.runtime.dev.js:35:50095)
    at aj (E:\skillproject\node_modules\next\dist\compiled\next-server\app-page.runtime.dev.js:35:53793)
    at E:\skillproject\node_modules\next\dist\compiled\next-server\app-page.runtime.dev.js:35:42336
    at aw (E:\skillproject\node_modules\next\dist\compiled\next-server\app-page.runtime.dev.js:35:42822)
    at a_ (E:\skillproject\node_modules\next\dist\compiled\next-server\app-page.runtime.dev.js:35:49776)
    at a_ (E:\skillproject\node_modules\next\dist\compiled\next-server\app-page.runtime.dev.js:35:50067)
    at E:\skillproject\node_modules\next\dist\compiled\next-server\app-page.runtime.dev.js:35:58612
    at E:\skillproject\node_modules\next\dist\compiled\next-server\app-page.runtime.dev.js:35:59270
    at aN (E:\skillproject\node_modules\next\dist\compiled\next-server\app-page.runtime.dev.js:35:59278)
    at Timeout._onTimeout (E:\skillproject\node_modules\next\dist\compiled\next-server\app-page.runtime.dev.js:35:6939)
    at listOnTimeout (node:internal/timers:605:17)
    at process.processTimers (node:internal/timers:541:7)
digest: "3581677559"
 GET /roadmaps/frontend-dev/fe-t7 200 in 71ms
 ✓ Compiled /icon.svg in 293ms (363 modules)
 GET /icon.svg?a4f663e068c356f3 200 in 376ms
 GET /api/auth/me 200 in 24ms
 GET /api/auth/me 200 in 27ms
<w> [webpack.cache.PackFileCacheStrategy] Restoring pack from E:\skillproject\.next\cache\webpack\client-development.pack.gz failed: TypeError: Cannot read properties of undefined (reading 'hasStartTime')
 ✓ Compiled in 644ms (581 modules)
 ✓ Compiled in 138ms (304 modules)
